"id","url","nama","alamat","daerah","latitude","longitude","jenis","mula","hingga","geocoder_address","geocoder_longitude","geocoder_latitude","geocoder_location_type","last_update"
1,"https://menurahmah.kpdn.gov.my/info/menu/eyJpdiI6IkdWRXRtdCsybHBmb3dUUlJJeW1WNmc9PSIsInZhbHVlIjoiMjRHU0llRjA5T1poeElNV25wNXRVQT09IiwibWFjIjoiYzI5Mzk1MDhjNWZlNWEzMTU4ZWQ4ODNiZWNjNGU0Y2ExNDJjNzdlZWQyZjQzZjU3MDMwZWFjYWJlZjAwNGEwOSIsInRhZyI6IiJ9","CHAPAYOM","S-G-38, Maxim Citylights Sentul, No. 25, Jalan Sentul Perdana","WP Kuala Lumpur W.P Kuala Lumpur",,,"Restoran / Kafe","17 Feb Hingga","23 Mar 2023","25, Jln Sentul Pasar, Setapak, 51000 Kuala Lumpur, Wilayah Persekutuan Kuala Lumpur, Malaysia",101.6906405,3.2070758,"ROOFTOP","2023-02-18 16:24:23"
2,"https://menurahmah.kpdn.gov.my/info/menu/eyJpdiI6ImdqSnRKMUpUVE1vQkpLY3BpVGtOQ0E9PSIsInZhbHVlIjoidDVuT1FmWEFHSktNbzN4T0o3ZUlkQT09IiwibWFjIjoiZWY3MWUxZGE3ZGFkMmI5M2ZlODRlNDc5NDI3ODY0Mzg0MTNiZTcxOThiMjVlMTNlZTYxNmIzMTRjZDhkZDkzZSIsInRhZyI6IiJ9","Restoran The Kampong Cili Padi","NO 38, G-1, JALAN MEDAN PB 1, SEKSYEN 9, 43650 BANDAR BARU BANGI, SELANGOR DARUL EHSAN","Hulu Langat Selangor",,,"Restoran / Kafe","17 Feb Hingga","17 May 2023","No. 38, G-1, Jalan Medan Pb 1, Seksyen 9, 43650 Bandar Baru Bangi, Selangor, Malaysia",101.7538567,2.9599717,"ROOFTOP","2023-02-18 16:24:16"
3,"https://menurahmah.kpdn.gov.my/info/menu/eyJpdiI6ImdnWU1iQXlHWE52Qm53OENOQlRScFE9PSIsInZhbHVlIjoiSnpJZUE1NnZld28wWVRPNWtDb2lzUT09IiwibWFjIjoiMjYyZGNmYjk0ZWU4OGJmZmQxYmU5YjI5NTgwZWRjZTcwOTEwMzYzMTBmMWQ4ZTYxNjE5ZmU0MGJkYzhiOTI0ZiIsInRhZyI6IiJ9","Mydin Wholesale Hypermarket","Foodcourt Mydin Subang Jaya","Petaling Selangor",,,"Medan Selera / Gerai","17 Feb Hingga","17 Feb 2023","675;676, Persiaran Subang Permai, Taman Perindustrian Usj 1, 47500 Subang Jaya, Selangor, Malaysia",101.5964479,3.0588809,"ROOFTOP","2023-02-18 16:24:26"
4,"https://menurahmah.kpdn.gov.my/info/menu/eyJpdiI6IlMyTldhRGhDNzNDMENwSGxrNHpDRWc9PSIsInZhbHVlIjoiZjFTNk4yZzdiRDhzeUpqTEs4Tmdvdz09IiwibWFjIjoiNWU4ZmY3ZTg0ODEyODUwZThmNTc1ODkzOWIxNzZiYTkyODFjODgzNGZmYTg3MmU4ZjUyOTBkYWRmNGZhODJhYyIsInRhZyI6IiJ9","Mydin Wholesale Hypermarket","Taman Anggerik Perdana, Semenyih","Hulu Langat Selangor",,,"Medan Selera / Gerai","17 Feb Hingga","17 Feb 2023","Bandar Teknologi Kajang, 43500 Semenyih, Selangor, Malaysia",101.8230194,2.9723777,"GEOMETRIC_CENTER","2023-02-18 16:24:11"
5,"https://menurahmah.kpdn.gov.my/info/menu/eyJpdiI6IjFXTlVpV2s1bmRqNmxyK1Y5MGlXTmc9PSIsInZhbHVlIjoiWitnMmVVaHM2cDJPMkd1eGluSVQ3UT09IiwibWFjIjoiZDk2MzRiMjdkMTg5YTAwNzI1YzM4YWE3YjE0OTc0ZGVhM2VlZTljN2MxNzQwN2Y5MTQ0YWMxNGZhNGRjYzQ4YyIsInRhZyI6IiJ9","Rangkaian Restoran Ali Maju","Charterfield","Sepang Selangor",,,"Restoran / Kafe","17 Feb Hingga","17 Feb 2023","Wisma Charterfield, Jalan KLIA 1/60, 43900 Sepang, Malaysia",101.6965685,2.7692058,"ROOFTOP","2023-02-18 16:24:10"
6,"https://menurahmah.kpdn.gov.my/info/menu/eyJpdiI6IkJmOC90U3kyU291c05OMDFRY0FFclE9PSIsInZhbHVlIjoiVmhhUXozUnphNzZKeDk0czVncDVGUT09IiwibWFjIjoiYWI3N2IzOTk3MTQ4Zjk5YzFhZjk1MWIzYjhmY2Y2NjA2NTVmNzIwMjc5ZjI5MzgwODhjNDQ4Nzc4MTlkOTMwNSIsInRhZyI6IiJ9","Rangkaian Restoran Ali Maju","Rawang Reef","Gombak Selangor",,,"Restoran / Kafe","17 Feb Hingga","17 Feb 2023","The Reef Rawang, 48000 Rawang, Selangor, Malaysia",101.5962258,3.3032866,"APPROXIMATE","2023-02-18 16:24:27"
7,"https://menurahmah.kpdn.gov.my/info/menu/eyJpdiI6IlYvRTlGa2c1d3cwdXlNRGwvVXF4VkE9PSIsInZhbHVlIjoiZk5yWERabWZGdUFpSFYrSnBOazFSZz09IiwibWFjIjoiNzc1NmIwOGJjOTRjMGU4OWM4OWYwMTA2ZWMzODBkZjRhMTBmZjYyZjkxZDRiMWVhMDllYzY3NzRjZTA2NDAxZCIsInRhZyI6IiJ9","Rangkaian Restoran Ali Maju","Ukay Perdana","Hulu Langat Selangor",,,"Restoran / Kafe","17 Feb Hingga","17 Feb 2023","Ukay Perdana, 68000 Ampang Jaya, Selangor, Malaysia",101.777418,3.205666,"APPROXIMATE","2023-02-18 16:24:30"
8,"https://menurahmah.kpdn.gov.my/info/menu/eyJpdiI6Ik5OM2pSS1BMUUlVbU5INnZ5WTM1NlE9PSIsInZhbHVlIjoiWi9Jck85QW1Va3ZSNkVRVHdJaHZNUT09IiwibWFjIjoiM2NhMTVlMzQ2MGY0NGI1MmJiZTE5MjIzM2VjNDQ1OGYyYmE0MjVhOGEzMjU3Y2IyYjc2MTJmMjQ5YjYzNTNjZiIsInRhZyI6IiJ9","Rangkaian Restoran Ali Maju","Jalan Bandar Rawang","Gombak Selangor",,,"Restoran / Kafe","17 Feb Hingga","17 Feb 2023","43-45, Jalan Bandar Rawang 2, Pusat Bandar Rawang, 48000 Rawang, Selangor, Malaysia",101.5770636,3.3237861,"ROOFTOP","2023-02-18 16:24:10"
9,"https://menurahmah.kpdn.gov.my/info/menu/eyJpdiI6IjhZWHA2cjBrQzRuU1RDRG5MdWJsZ0E9PSIsInZhbHVlIjoic3ljSDdrU0U1S1Z5N2VsRWl3QVRGUT09IiwibWFjIjoiY2EwMGIzYjRkMWU0N2M5NmQ1MTBiNDMxZDE4MGUxZWFmMzc3OGU2ODcwODRkNjQ4Zjg2NmNmODA4ZDhhNmY1NyIsInRhZyI6IiJ9","Rangkaian Restoran Ali Maju","KLIA Car Park - Level 3","Sepang Selangor",,,"Restoran / Kafe","17 Feb Hingga","17 Feb 2023","KLIA2 Arrival Lane, 43900 Klia, Selangor, Malaysia",101.6841228,2.7474497,"GEOMETRIC_CENTER","2023-02-18 16:24:10"
10,"https://menurahmah.kpdn.gov.my/info/menu/eyJpdiI6IldKS0lWR29mcG5LeDBVa0hHdk00bFE9PSIsInZhbHVlIjoiUmV0bGgvNzVzNVZJMGxDVWJSd2NIdz09IiwibWFjIjoiMzdiYzYzMGQyMjlmZDFlNjNlZTVlNTNkNTYwYTI1Mjg1ZTdkOTgxNWRiNWY5Mzg1ZDhiMzhiZmU4OTM3YzQzMyIsInRhZyI6IiJ9","Rangkaian Restoran Ali Maju","KIP Sentral Kota Warisan","Sepang Selangor",,,"Restoran / Kafe","17 Feb Hingga","17 Feb 2023","99, Jalan Warisan Sentral 2, Kota Warisan, 43900 Sepang, Selangor, Malaysia",101.6947219,2.8220801,"ROOFTOP","2023-02-18 16:24:29"
11,"https://menurahmah.kpdn.gov.my/info/menu/eyJpdiI6IlhBd0dYTzJhMi9xRDh1dXU3b3VIZ2c9PSIsInZhbHVlIjoiaVBENnJOWU1iZkU3SU15QkxXbEVFQT09IiwibWFjIjoiZjkyM2EzZjZiMzExNjVhMzBhNWJhOGI1M2ZhYzZmNWNkZGVlMmRmZjZjMWFlNTA2MjAzMjY0MzU2ZjY0MmQ0NSIsInRhZyI6IiJ9","D&#039;Hielo Café","Seksyen 17, Shah Alam","Petaling Selangor",,,"Restoran / Kafe","17 Feb Hingga","17 Feb 2023","Section 17, Shah Alam, Selangor, Malaysia",101.5058311,3.046361,"APPROXIMATE","2023-02-18 16:24:10"
12,"https://menurahmah.kpdn.gov.my/info/menu/eyJpdiI6InAxb0laMGZreFdtZGJPT1k0cC8zSlE9PSIsInZhbHVlIjoicjN2bVdybGNOQ0ZSTFRjRGpDZ1BXQT09IiwibWFjIjoiZGEzNzZlNjk3OGE2ZDI0ZmNiNWI4YzJiNThmZGVjMmUxN2JiNTczODA2ZDIzYzRlNzQyNzdlYTI5MzJiNWRmMCIsInRhZyI6IiJ9","Farhanah Catering","No. 45-G, Jalan Universiti Bangi 1, Taman Universiti Bangi, 43000 Kajang, Selangor","Hulu Langat Selangor",,,"Restoran / Kafe","17 Feb Hingga","17 Feb 2023","45, Jalan Universiti Bangi 1, Taman Universiti, 43000 Kajang, Selangor, Malaysia",101.8014555,2.9369348,"RANGE_INTERPOLATED","2023-02-18 16:24:16"
13,"https://menurahmah.kpdn.gov.my/info/menu/eyJpdiI6IkkrK0VaclpyNWpCWWtEWEMrZnZrWUE9PSIsInZhbHVlIjoiZjFXMndROCswRUpQSFBsY0xXWG92QT09IiwibWFjIjoiMWUxNjI4NDkyZjI3MzE1ZTVhOTJmNDY5YzM2MmVmNjYwOGJkMDM1YWNmYjljOGMwYTI0NGNiMTc0MDcxYmVlYSIsInRhZyI6IiJ9","Mios Kitchen","29B, Jalan BK 5A/2, Bandar Kinrara, 47180 Puchong, Selangor","Sepang Selangor",,,"Restoran / Kafe","17 Feb Hingga","17 Feb 2023","29, Jln BK 5a/2c, Bandar Kinrara 5, 47180 Puchong, Selangor, Malaysia",101.6463074,3.0469208,"RANGE_INTERPOLATED","2023-02-18 16:24:28"
14,"https://menurahmah.kpdn.gov.my/info/menu/eyJpdiI6InozRlgxTWZtR1pFRWcvclhuNmxYaXc9PSIsInZhbHVlIjoiTXhTclR5L1N6UlRZcVFTU1ZvVUVlQT09IiwibWFjIjoiYThkYmNmYjgwMGJjNDU0YzY3MTM5N2EwZWU3NDMwODU3OTkxMGYzNDgzYWRlZjE5ZmU0ZWU4YTNiZTJmZjg1MSIsInRhZyI6IiJ9","Mios Kitchen","7G, Jln Wawasan 4/1, Bandar Baru Ampang, 68000 Ampang, Selangor","Hulu Langat Selangor",,,"Restoran / Kafe","17 Feb Hingga","17 Feb 2023","7g, 4, Jln. Wawasan Ampang, Bandar Baru Ampang, 68000 Ampang, Selangor, Malaysia",101.7690244,3.1404322,"ROOFTOP","2023-02-18 16:24:25"
15,"https://menurahmah.kpdn.gov.my/info/menu/eyJpdiI6IkV1bDQvbVNoVWhZcHlaUnZiNWROWWc9PSIsInZhbHVlIjoiSzJEa1ZmOU9nWk5JUU0rQmYyUGZ6UT09IiwibWFjIjoiYThkMjE5NzcwOWNkNThlMDA0MjA4NGZkNGY1M2Y4YWU3ZTI0NjhlMmFlYWJjZjU1MGQ1MDhhNTAzZDU0MjUxMCIsInRhZyI6IiJ9","Mios Kitchen","18, Jalan PJS 2/3, Taman Maju Jaya, 46000 Petaling Jaya, Selangor","Petaling Selangor",,,"Restoran / Kafe","17 Feb Hingga","17 Feb 2023","18, Jalan PJS 2, PJ Seksyen 2C - 2D, 46000 Petaling Jaya, Selangor, Malaysia",101.6272602,3.0816849,"RANGE_INTERPOLATED","2023-02-18 16:24:28"
16,"https://menurahmah.kpdn.gov.my/info/menu/eyJpdiI6InZ2ZzNjVkhoOHhUTHdMdlBqTXdOc3c9PSIsInZhbHVlIjoiZE5Lb3JhcWswNWNYd3Z2bXVZLzhHUT09IiwibWFjIjoiNDhiNjY2ODg4N2EyYzI1Zjk0ZjQ1MjQ3NmFmZWJiOTFmOWI0ZjM5MjAxYzc0MDQ3MTlmZTdjMGE5OTczMjdmMSIsInRhZyI6IiJ9","Mios Kitchen","13, Jalan Tukul N15/N, Seksyen 15, 40200 Shah Alam, Selangor","Petaling Selangor",,,"Restoran / Kafe","17 Feb Hingga","17 Feb 2023","Sacc Mall, Lgf-07, Jalan Perbadanan 14/9, Seksyen 14, 40000 Shah Alam, Malaysia",101.51808,3.07193,"ROOFTOP","2023-02-18 16:24:13"
17,"https://menurahmah.kpdn.gov.my/info/menu/eyJpdiI6ImhQdDA0VWxUZTdCU2RidjFWSjllZnc9PSIsInZhbHVlIjoiQ2JsNGRlZDRwR1dhWUVadzczNlZLZz09IiwibWFjIjoiMjU2YjZhMzRiYThjZTdmNDk0ZjQ5OGU5OWZhYjE1ZWMwODVhNTJhNDMzMDFmNzY5NTIxMzBlNDk0MDBmMzRiYyIsInRhZyI6IiJ9","Mios Kitchen","1-14-1, Blok 1, Presint Alami, Persiaran Aquatic, Seksyen 13, 40100 Shah Alam, Selangor","Petaling Selangor",,,"Restoran / Kafe","17 Feb Hingga","17 Feb 2023","Persiaran Selangor, 40100 Shah Alam, Selangor, Malaysia",101.546206,3.0696974,"GEOMETRIC_CENTER","2023-02-18 16:24:23"
18,"https://menurahmah.kpdn.gov.my/info/menu/eyJpdiI6IjdMeVNtN2hsdUIrd0ZXM202dlRGalE9PSIsInZhbHVlIjoiY1FzQTBqRUFxUEh0bTNRTDU5M3NnZz09IiwibWFjIjoiMzRlMjljYjVhZjVkZjliNWExOTIwM2JjMWYxNDNmYzEyOTMwMTE1MjBhMGMxYWVhMzYyNTI4ZDMyMTEwZWNmNiIsInRhZyI6IiJ9","Zakway Bistro","Premier Global Trading Sdn Bhd, PT-74095, Mutiara Heights, Jalan Mutiara 1, Prima Saujana, Kajang","Hulu Langat Selangor",,,"Restoran / Kafe","17 Feb Hingga","17 Feb 2023","MUTIARA AVENUE, NO 8-1, Jln Mutiara 1, MUTIARA HEIGHTS, 43000 Kajang, Selangor, Malaysia",101.8115242,3.0119173,"ROOFTOP","2023-02-18 16:24:23"
19,"https://menurahmah.kpdn.gov.my/info/menu/eyJpdiI6ImdCaVZ0bjdmYnI3Wk9wWmplZy95NHc9PSIsInZhbHVlIjoiYVB5clFQNDFEbVl4MW1sL0tOa3dodz09IiwibWFjIjoiZDYwZTdkMGUzNDY5YjQyNjNhOTM5NWI3MjRkMDRiM2NkNGYwOTE2NTgxNzdkNjYwNDBkY2QzYWVlOWU4MDJiMSIsInRhZyI6IiJ9","Restoran Ayzas","No 1G, Jalan Jelok 6, 43000 Kajang","Hulu Langat Selangor",,,"Restoran / Kafe","14 Feb Hingga","17 Feb 2023","1, Jalan Jelok 6, Bandar Kajang, 43000 Kajang, Selangor, Malaysia",101.793462,2.991143,"ROOFTOP","2023-02-18 16:24:12"
20,"https://menurahmah.kpdn.gov.my/info/menu/eyJpdiI6IkcraGdFUkdnZS84UlN3eWJaS1poWXc9PSIsInZhbHVlIjoiOW1jK0J1eFR5b1VDUkJqOTdMME1sUT09IiwibWFjIjoiMjJlMTdjMWI2MjhjMDE0NzFjMjI0YzMzZWQxOTgyZTNlMTUzMjdjOTY2NzgxYmVmOWRkODRkZDhkZDg3YTkxYSIsInRhZyI6IiJ9","Restoran Ayzas","No 30, Jalan Metro Avenue 2, Metro Avenue, 43000 Kajang","Hulu Langat Selangor",,,"Restoran / Kafe","14 Feb Hingga","17 Feb 2023","30, Jalan Metro Avenue 2, Metro Avenue, 43000 Kajang, Selangor, Malaysia",101.7901876,2.9955916,"ROOFTOP","2023-02-18 16:24:19"
21,"https://menurahmah.kpdn.gov.my/info/menu/eyJpdiI6IkJlK0I5d0x6aVdkRzdHNVlOWlJrQkE9PSIsInZhbHVlIjoiYXE0YmFaNk1PZkNQblIyWUxUei9Idz09IiwibWFjIjoiOTQxZDMxNWZlNDdlOGI3OGQxODgyZTQxMWFmMGFjNDI4M2RjMTk2N2E3ZTM0YWNkOWFlNTlhOTdiZTVkOWViYyIsInRhZyI6IiJ9","Restoran Ibrahim Maju","No 2G, Jalan Reko Sentral 8, Taman Reko Sentral, 43000 Kajang","Hulu Langat Selangor",,,"Restoran / Kafe","14 Feb Hingga","17 Feb 2023","2, Jalan Reko Sentral 8, Reko Sentral, 43000 Kajang, Selangor, Malaysia",101.7895741,2.968131,"ROOFTOP","2023-02-18 16:24:14"
22,"https://menurahmah.kpdn.gov.my/info/menu/eyJpdiI6Imh0bUw3YlVSODBCNEJhUzA5MWsyQnc9PSIsInZhbHVlIjoiS0NZeDFzbERqNzlnSmVnaGtQdXNSUT09IiwibWFjIjoiZmJiYmZjMDc0OTIzMzhiNDAxMTVlOWUyY2MxMzc2ZTMwMGMxNGQ5ZjBiMjI1NzEyZDNlNGRkYmE3ZjViMTVjYSIsInRhZyI6IiJ9","Kicap Krew (Online)","10, Jalan Meranti 1/1, Taman Malawati Jaya, Kuala Selangor","Kuala Selangor Selangor",,,"Restoran / Kafe","17 Feb Hingga","17 Feb 2023","10, Jalan Meranti 1, Taman Malawati Jaya, 45000 Kuala Selangor, Selangor, Malaysia",101.2718628,3.3125915,"RANGE_INTERPOLATED","2023-02-18 16:24:27"
23,"https://menurahmah.kpdn.gov.my/info/menu/eyJpdiI6IjBQQjQ4emhMYXE4MktLNE5BU0hEVUE9PSIsInZhbHVlIjoiUjhxYWRQeFBtS1FLUi9vdEZmTW91Zz09IiwibWFjIjoiYWJiMmI0NDZjZDg0Yzc1NDQyN2EzNGNlYjQ4MzlkN2ZiMmMxZTFlNTFmMGEyZWM5MjVlN2Q2ZjcxNDg1MDVkOCIsInRhZyI6IiJ9","Wak Long Corner","Lot 1387, Batu 8 Kampung Sijangkang, Telok Panglima Garang","Kuala Langat Selangor",,,"Restoran / Kafe","13 Feb Hingga","17 Feb 2023","1387, Jalan Batu 8, Taman Desa Sijangkang, 42500 Telok Panglima Garang, Selangor, Malaysia",101.4601665,2.9401761,"ROOFTOP","2023-02-18 16:24:19"
24,"https://menurahmah.kpdn.gov.my/info/menu/eyJpdiI6IkVObUFxKzRmNG8ycnFpaFRULytQWmc9PSIsInZhbHVlIjoiNHgzNlhJcTZuWXZFc2VoUEltOUtMUT09IiwibWFjIjoiZDNiMzY0NDk4ODQzZWQ1MjJlMGY5MmMyMjBkNTY5Nzc3MjU2YTdhOTczOTdkZjk3N2NjZmY0YTEyOWU4NTEyNyIsInRhZyI6IiJ9","Gerai Kajang","14, Jalan Sulaiman, Bandar Kajang, 43000 Kajang, Selangor","Hulu Langat Selangor",,,"Medan Selera / Gerai","17 Feb Hingga","17 Feb 2023","14, Jalan Sulaiman, Bandar Kajang, 43000 Kajang, Selangor, Malaysia",101.7884949,2.9927691,"ROOFTOP","2023-02-18 16:24:24"
25,"https://menurahmah.kpdn.gov.my/info/menu/eyJpdiI6IkpRUnJBUzJIWUw5RUpxWnJmY1hsRVE9PSIsInZhbHVlIjoiTXpwaXEzQlBnMEVWYnJpN0JQVjh2QT09IiwibWFjIjoiNmVkNjk5NWZlOTg3YWU3MDAwNDkzZGZhYTA0YjA4MzQ3ZDllNDk2ZDAzNzQxMzc5YjljOTk1OTMyNzNmNzk0NiIsInRhZyI6IiJ9","Dapoq Warisan","Sijangkang, Selangor","Kuala Langat Selangor",,,"Restoran / Kafe","12 Feb Hingga","17 Feb 2023","Sijangkang, 42500 Telok Panglima Garang, Selangor, Malaysia",101.4450548,2.945875,"APPROXIMATE","2023-02-18 16:24:14"
26,"https://menurahmah.kpdn.gov.my/info/menu/eyJpdiI6Ik1ORHQ3L0lGRURwbnhxT2ZoaWh4blE9PSIsInZhbHVlIjoiTkJrUTFreGZ2ZWp3aGNjclhrd0sxQT09IiwibWFjIjoiZmZmZmUyZThjNjk1YjQzNjk2YzE5NDI2YjA2YWQzM2UyNTA2NTBiNjQ5MmM3YjIxZmJjMzgxNmRmMzA1YzQ3ZCIsInRhZyI6IiJ9","Warong Pecel Lele","Medan Selera TS Sport Arena","Sepang Selangor",,,"Restoran / Kafe","17 Feb Hingga","17 Feb 2023","Kedai no 9 Medan Selera, Pekan Sepang, 43900 Sepang, Selangor, Malaysia",101.7518768,2.6922249,"GEOMETRIC_CENTER","2023-02-18 16:24:31"
27,"https://menurahmah.kpdn.gov.my/info/menu/eyJpdiI6IlZod1g3b3BtNm5udGRJTUNKZU54bFE9PSIsInZhbHVlIjoiMDg4QXBEVHR2dm9NOHU1NUd5eEVnUT09IiwibWFjIjoiZTEyZGZiMzc3ZjcwZDc5NjM2MGU5MTc4YzNlN2VlODAzMTViMmRjYjg1YWVjZWQ3ZmFkYzYwNTYwYWY0MGM0ZiIsInRhZyI6IiJ9","Restoran Masyur","No. J001, Jalan PJU 10/2A, Damansara Damai, 47830 Petaling Jaya, Selangor","Petaling Selangor",,,"Restoran / Kafe","20 Feb Hingga","17 Feb 2023","Jln PJU 10/1, Damansara Damai, 47830 Petaling Jaya, Selangor, Malaysia",101.5906797,3.194422,"GEOMETRIC_CENTER","2023-02-18 16:24:14"
28,"https://menurahmah.kpdn.gov.my/info/menu/eyJpdiI6Im95Sm9HNkM5NEVsbFV1VFJPZ3Jzdmc9PSIsInZhbHVlIjoiVlVLMXZGUk5RejAzTmUrWnBYODhxUT09IiwibWFjIjoiZDJmY2FhOGM1NDdkYTk3NWQ3YzE5OGMyMWU4Y2U2ODEyNTA2YTk4ZjY4MTMzYTNjMTgyOTgwZTJkZTU1Zjg0OCIsInRhZyI6IiJ9","D&#039;Santai Mesra Asam Pedas Telur Mayong","JPB 110B, Jalan Pt Bilal, 83500 Pt Bilal, Bukit Pasir, Batu Pahat, Johor","Batu Pahat Johor",,,"Restoran / Kafe","17 Feb Hingga","17 Feb 2023","Jln Parit Bilal, 83000 Batu Pahat, Johor, Malaysia",102.9463022,1.8795858,"GEOMETRIC_CENTER","2023-02-18 16:24:15"
29,"https://menurahmah.kpdn.gov.my/info/menu/eyJpdiI6IkY5K05YbnN2OWtyaEd0RWVEenBJMHc9PSIsInZhbHVlIjoicHcvVThlN3l4ZHlnTHFVSko4eUxIUT09IiwibWFjIjoiZTNlODAxY2U2OGJlYzYyOTk4YjdjODNlMzgwZmQ3MTQ3YjMzODYyNmM0YWFmNGU1ZDg1ZGUzYzQxMGZmZTZhMSIsInRhZyI6IiJ9","Restoran Rafiman","No 43 jalan Baiduri Taman Daiman Jaya 81900 Kota Tinggi Johor","Kota Tinggi Johor",,,"Restoran / Kafe","17 Feb Hingga","17 Feb 2023","43, Jalan Baiduri, Taman Daiman Jaya, 81900 Kota Tinggi, Johor, Malaysia",103.8915006,1.7189017,"RANGE_INTERPOLATED","2023-02-18 16:24:30"
30,"https://menurahmah.kpdn.gov.my/info/menu/eyJpdiI6Ijk2MHBnanVXUnM2eGg2bEdhbG96aVE9PSIsInZhbHVlIjoiVzlQMVVNM21QeWRtTGkyakFwdzEvQT09IiwibWFjIjoiNzAzNzFiMmNlN2ViNDI0ZWRmZGJmNTdhMmFlNDc2MGI3OTNmZDU1NmY2YmZjZTVmYjY4ZGNjZWVmYjk5MDJlNSIsInRhZyI6IiJ9","WARUNG CERIA","NO 105.JLN BESAR MANCHIS BENTONG PHG","Bentong Pahang",,,"Medan Selera / Gerai","17 Feb Hingga","17 Feb 2023","Manchis, 28730 Bentong, Pahang, Malaysia",102.1637362,3.199448,"APPROXIMATE","2023-02-18 16:24:18"
31,"https://menurahmah.kpdn.gov.my/info/menu/eyJpdiI6ImFkeHJ6UVJXWXpGVVNnWmVHYTAyVkE9PSIsInZhbHVlIjoiTlFOdGZZWVBKS0JOUWFsb014dVlxUT09IiwibWFjIjoiYjc2Mzk3YTM4MThjYzFiMjA3OTk5N2ExZTBhMWZmZDZlYzZiYzQ1Njg4MzMyZjM0MjkzOWE0Mjg0NWJjMjgyZiIsInRhZyI6IiJ9","MEKYA HOUSE @ BERA","NO 19(GF), JALAN EMAS 6, PUSAT KOMERSIL EMAS, 28200 BANDAR BERA, PAHANG.","Bera Pahang",,,"Medan Selera / Gerai","17 Feb Hingga","17 Feb 2023","28200, Jalan Emas 6, Kampung Baru, 28200 Kerayong, Pahang, Malaysia",102.4473984,3.2661576,"ROOFTOP","2023-02-18 16:24:28"
32,"https://menurahmah.kpdn.gov.my/info/menu/eyJpdiI6ImNFQmZwNjFKTnlFa3c4OTEvRTY5Wnc9PSIsInZhbHVlIjoiYWdtajdnVzVrMGEwQUtCYzVqem54dz09IiwibWFjIjoiNTVhYWIyODk5MTE4Y2JlNDc2MTk4MjA4ZTI1MWMzZDVmNjVjY2M4ZmQ3YjI5NDIzYzI4ZGM4OTMwN2JjMzVkMCIsInRhZyI6IiJ9","RESTORAN SSQ","LOT 3138, JALAN KUANTAN, TAMAN SRI TAHAN 27000 JERANTUT PAHANG","Jerantut Pahang",,,"Restoran / Kafe","17 Feb Hingga","17 Feb 2023","3138, Jalan Kuantan, Taman Bukit Pedah, 27000 Jerantut, Pahang, Malaysia",102.3759204,3.9340983,"RANGE_INTERPOLATED","2023-02-18 16:24:19"
33,"https://menurahmah.kpdn.gov.my/info/menu/eyJpdiI6IjBFZURMcy9iN3lucGprak9PRDl6a1E9PSIsInZhbHVlIjoibE5pdEJxZDE2cFAzM1ZVM3JHbi83QT09IiwibWFjIjoiZWI5YWFmY2YzNDZkMGVlMTRiZmMwNGY4ZDQwNTY2YWQ0MTQ3YWJiMmNjN2EyYmNkNTc1ZGI5NmE2ZjdhOWIwNyIsInRhZyI6IiJ9","KEDAI MAKAN CHILLI TOMYAM","LOT 4223 BATU 11 JALAN GAMBANG 25150 KUANTAN PHG","Kuantan Pahang",,,"Restoran / Kafe","17 Feb Hingga","17 Feb 2023","1, Lorong Sri Mahkota Aman 3/1, Taman Sri Mahkota Aman, Darul Makmur., Kampung Batu Sebelas, 26070 Kuantan, Pahang, Malaysia",103.1924873,3.7501276,"GEOMETRIC_CENTER","2023-02-18 16:24:18"
34,"https://menurahmah.kpdn.gov.my/info/menu/eyJpdiI6IlJRKzBINkNjMmtLclcxVzVnQkpJOEE9PSIsInZhbHVlIjoiV04rNlVZOS9hY2NibjlLWnlNZmZoUT09IiwibWFjIjoiZDQyNzJjZWFkNTQzNDllMjIyMWM1MzRhOGM0YjU4ZTZmN2UwNmUxYzIzMmY2MWMxZGJjMDQ5NjlhNGU0MjM1NiIsInRhZyI6IiJ9","RESTORAN TAJ MAJU SDN BHD","LOT 65, GROUND FLOOR, BLOCK G, (CHINA TOWN) (CORNER LOT) PUTRA SQUARE MSC, 25200 KUANTAN PAHANG.","Kuantan Pahang",,,"Restoran / Kafe","17 Feb Hingga","17 Feb 2023","CHINATOWN, 6, Jalan Putra Square 2, Putra Square, 25200 Kuantan, Pahang, Malaysia",103.3253034,3.8171635,"ROOFTOP","2023-02-18 16:24:11"
35,"https://menurahmah.kpdn.gov.my/info/menu/eyJpdiI6IndrNXBaUVA4Q0hDVGhJTzFuVEVJRGc9PSIsInZhbHVlIjoiNkpvMElBZVVxOCtrY1pDbk91dHlGdz09IiwibWFjIjoiODViZWFjOTI4YzhhNDc3NTMwMWE1NzU5MTg0NmM4NjZmM2RlZjU1ODlhNWExYjdhOTdhN2VhYTM5ZThiNGExNiIsInRhZyI6IiJ9","RESTORAN TAJ MAJU SDN BHD","B16, DESA SAMUDERA, LORONG IM8/1, JLN SG LEMBING, BANDAR INDERA MAHKOTA, 25200 KUANTAN PAHANG.","Kuantan Pahang",,,"Restoran / Kafe","17 Feb Hingga","17 Feb 2023","b16, 1, Jalan Kuantan Sungai Lembing, Bandar Indera Mahkota, 25200 Kuantan, Pahang, Malaysia",103.3071157,3.8228511,"RANGE_INTERPOLATED","2023-02-18 16:24:29"
36,"https://menurahmah.kpdn.gov.my/info/menu/eyJpdiI6ImRjVlRJb1NSV3JTd25xM0JVRElCY3c9PSIsInZhbHVlIjoiVzk1dFd3UE1ZZFUwRTZaYzB1bWdnUT09IiwibWFjIjoiNmQwN2IyMGE5NzFiOGQ1NGQxYWI1ZjhmNGIzOWJlMzNmMDZjNWQ4MmFhZDcyZjNlY2YxYjFjZDQxMzk0MGFkNiIsInRhZyI6IiJ9","RESTORAN TAJ MAJU SDN BHD","B2, LORONG TUN ISMAIL 4, 25000 KUANTAN, PAHANG.","Kuantan Pahang",,,"Restoran / Kafe","17 Feb Hingga","17 Feb 2023","b2, Lorong Tun Ismail 4, Sri Dagangan Bussiness Centre, 25000 Kuantan, Pahang, Malaysia",103.3245281,3.8086844,"ROOFTOP","2023-02-18 16:24:25"
37,"https://menurahmah.kpdn.gov.my/info/menu/eyJpdiI6ImUzNG00ak9Wd0hGTGhKL3J6azZmV0E9PSIsInZhbHVlIjoiSlZpREZGQktZQWMzYUZFYmZzZGZoZz09IiwibWFjIjoiOGE0NzhhMjA2YjY0NTY5YjQ2MmIxNGZhYTI0YmM1YTQ2OTMwMmVkYWJkOWZmNmY1ZWM5OWNlNTY0M2VkYTVmZCIsInRhZyI6IiJ9","RESTORAN TAJ MAJU SDN BHD","59, JALAN TUN ISMAIL, 25000 KUANTAN, PAHANG.","Kuantan Pahang",,,"Restoran / Kafe","17 Feb Hingga","17 Feb 2023","59, Jalan Tun Ismail, 25000 Kuantan, Pahang, Malaysia",103.3302478,3.8162365,"RANGE_INTERPOLATED","2023-02-18 16:24:15"
38,"https://menurahmah.kpdn.gov.my/info/menu/eyJpdiI6IjAxR3ArQi9qaThIcmhsRkdyQVEyTGc9PSIsInZhbHVlIjoiNkpnbG5ObzN0L3JEWTIxem12Tjc0UT09IiwibWFjIjoiYjYyMTAyOGRlYTE5YTgwYWU4NTg3MjM2ZTNlMGVmMDA1OTdjMzEyZGViZDMyNTAwZTIzMDJhNWE1NjlhZmRkMSIsInRhZyI6IiJ9","LOT 9 FELDA BUKIT GOH","NO 9 KEDAI PERTUMBUHAN FELDA BUKIT GOH 26050 KUANTAN PAHANG","Kuantan Pahang",,,"Restoran / Kafe","17 Feb Hingga","17 Feb 2023","Felda Bukit Goh, 26050 Kuantan, Pahang, Malaysia",103.2582082,3.913624,"APPROXIMATE","2023-02-18 16:24:19"
39,"https://menurahmah.kpdn.gov.my/info/menu/eyJpdiI6Ik5ybGNXeU0wTkdsNmRoSEpPbEsrUXc9PSIsInZhbHVlIjoiZXc4NkdJZ1lVZzBVTmxHYzljejRxUT09IiwibWFjIjoiOGNiOWU3MDQ1NjE5MmM4NjM4NzNlMDNiNjJmMDVjMGNhMWYxZTNiODIwNDVkZjJmNDRjMzk2NzgxZTAxMDNlNCIsInRhZyI6IiJ9","PATIN TEMPOYAK KAK AYA AWANG","1A ARKED NIAGA SRI KERAMAT(KD) JALAN KERAMAT DAERAH MARANG 26500 MARAN PAHANG","Maran Pahang",,,"Restoran / Kafe","17 Feb Hingga","17 Feb 2023","Marang District, Terengganu, Malaysia",103.204944,5.207711,"APPROXIMATE","2023-02-18 16:24:30"
40,"https://menurahmah.kpdn.gov.my/info/menu/eyJpdiI6InEvY1NOaUxDaFRLeUI1NWxRZmJOYWc9PSIsInZhbHVlIjoiZTNtdDdaM3M2SG1SNTZDVmpkT2hVUT09IiwibWFjIjoiYTc5ZDc3YjQwYjgwNzU4NDY5Y2UwNWM2YjA0NTg1NzIyYzE2MWJiYzhmNDdkYTQ3Y2UxODIyYTgzYzNjMmJmNCIsInRhZyI6IiJ9","LAN&#039;S CORNER IKAN BAKAR KUALA PAHANG","NO 2,MEDAN IKAN BAKAR D&#039;KUALA KUALA PAHANG 26600 PEKAN PAHANG","Pekan Pahang",,,"Restoran / Kafe","17 Feb Hingga","17 Feb 2023",,,,,"2023-02-18 16:25:16"
41,"https://menurahmah.kpdn.gov.my/info/menu/eyJpdiI6InFPUkptdVg5VXFNd212eStBb0dmdVE9PSIsInZhbHVlIjoiR0xkZ1ZlQ1E0SDlhVHFzL3RFTkhBdz09IiwibWFjIjoiYzViNDc4ZTEyM2U3NGNlMzc0ZjdjZTBjYmIyODhiZGQ4OTdiMTUzMDk1M2RmMzc0YmRkN2I0ZmZlOGE1MmI4YSIsInRhZyI6IiJ9","QUEEN HIDEOUT","NO 44, JALAN SRI LAYANG 3/8, TAMAN SRI LAYANG, 28400 MENTAKAB, PAHANG","Temerloh Pahang",,,"Restoran / Kafe","17 Feb Hingga","17 Feb 2023","NO 44, 3, Jalan Sri Layang, Taman Sri, 81850 Layang-Layang, Johor, Malaysia",103.477585,1.8188297,"RANGE_INTERPOLATED","2023-02-18 16:24:14"
42,"https://menurahmah.kpdn.gov.my/info/menu/eyJpdiI6IndNMXd4REVyMnZZZ3ZMYnBaMUxKcXc9PSIsInZhbHVlIjoiSU91TjA4WDdzd3RadHY2Ym4vZjdLUT09IiwibWFjIjoiZGI2N2NkY2ViOTUzZWRkMzBmNzhkOTEyOGMxYzdlZmNiYWQzODkxMzgwOTE4MzkxNmE4YTk1NjFiMDQzZWVkNCIsInRhZyI6IiJ9","DZULL CAFE","NO 10 LORONG 14/2 INDERA MAHKOTA 14 25200 KUANTAN","Kuantan Pahang",,,"Restoran / Kafe","17 Feb Hingga","17 Feb 2023","Lrg 14, 25200 Kuantan, Pahang, Malaysia",103.2462831,3.8130188,"GEOMETRIC_CENTER","2023-02-18 16:24:17"
43,"https://menurahmah.kpdn.gov.my/info/menu/eyJpdiI6Ik5zT1FHc0NHNmFjYTJzaVBqQmp5cXc9PSIsInZhbHVlIjoiR0YrcWE4L3JYbDhOdXl2STAwWnJmdz09IiwibWFjIjoiMTEzZTZiYWMxZjFlNWMyNTlhOTA2YTk0NTg1OWVhYjMzOWNiN2YzNjVhODgzNTRkMzdkM2RmYTFjMzM4MjEwZSIsInRhZyI6IiJ9","HM CURRY HOUSE","NO. 48, JALAN ZAPIN INDAH 2, BANDAR INDERAPURA, 27000 JERANTUT, PAHANG","Jerantut Pahang",,,"Restoran / Kafe","17 Feb Hingga","17 Feb 2023","48, Jalan Zapin Indah 2, Bandar Inderapura, 27000 Jerantut, Pahang, Malaysia",102.3688724,3.935675,"ROOFTOP","2023-02-18 16:24:23"
44,"https://menurahmah.kpdn.gov.my/info/menu/eyJpdiI6IkFRbjRMN2JiZWwzZHFnTW0zbGdldnc9PSIsInZhbHVlIjoiUFVzZk8rd1V5MmErUmk3UCtod3VnQT09IiwibWFjIjoiY2UyZDk0YjczM2MyNGY1NjFmMjNlZjNhYTc1NDY2OWYwYzU0ZjYwYTQ2YjkwZTY3NjcyZmJjMTVlOTJiZjQ0OCIsInRhZyI6IiJ9","R R KITCHEN","NO.11, JALAN GOPENG 1, TAMAN GOPENG, 28400 MENTAKAB, PAHANG DARUL MAKMUR","Temerloh Pahang",,,"Restoran / Kafe","17 Feb Hingga","17 Feb 2023","NO.11, 1, Jalan Gopeng, Taman Gopeng, 28400 Mentakab, Pahang, Malaysia",102.3307595,3.4863681,"RANGE_INTERPOLATED","2023-02-18 16:24:10"
45,"https://menurahmah.kpdn.gov.my/info/menu/eyJpdiI6ImlRNWMrQmdvV21SdzFNOEg0NkpFaVE9PSIsInZhbHVlIjoiQUdDL2NzQTRDeXpNWjZ5Mm5ZSHFYUT09IiwibWFjIjoiZWU2ZjhmMDQ0MWUwZjhiMTliYWVhNjI1Y2NmMDA0NzJmOTliYjZhNmExNTY0MGNhYjUyMDk2ZWY0OTQyZmQ2OSIsInRhZyI6IiJ9","KOPERASI WANITA BERJAYA BATU SAPI SANDAKAN BERHAD","TINGKAT BAWAH, LOT 1A, BLOK 5, BANGUNAN PPH, KARAMUNTING, JALAN BATU SAPI, SANDAKAN, SABAH","Sandakan Sabah",,,"Restoran / Kafe","17 Feb Hingga","17 Feb 2023","Jalan Karamunting & Jalan Batu Sapi, 90000 Sandakan, Sabah, Malaysia",118.0738327,5.8135387,"GEOMETRIC_CENTER","2023-02-18 16:24:13"
46,"https://menurahmah.kpdn.gov.my/info/menu/eyJpdiI6IlZaSDYyU01LeEppZnBremhpTy9mOFE9PSIsInZhbHVlIjoicHVCU0gwOTFvM3AvM0o3ZnV5WU9oQT09IiwibWFjIjoiOWExOGU5YzQ3ZmIxODMzMWQxYzZiMjdmNmJmNWU0N2M4NjQwNGFmYzZkOTQzY2E4YWEwYjU4MDYxNDAyMjkzYSIsInRhZyI6IiJ9","D&#039;ZARA CAFE","IPEAK","Lahad Datu Sabah",,,"Restoran / Kafe","17 Feb Hingga","17 Feb 2023","91100 Lahad Datu, Sabah, Malaysia",118.3420203,5.0320565,"GEOMETRIC_CENTER","2023-02-18 16:24:18"
47,"https://menurahmah.kpdn.gov.my/info/menu/eyJpdiI6IlpXcnk1YlBReEVNYVp6Nng2a3piV2c9PSIsInZhbHVlIjoiMkpTaDBMRkxCT0wxQjZyNTlBOVB0QT09IiwibWFjIjoiMWNmOTljODk3ZTQ5NGI4ZDY1ZTY0ZTI0MjdiZWUwODNlMWNhYzI0NjI1YjdjNWE5ZDNmZWUzNzc3MjQ2NGM1OSIsInRhZyI6IiJ9","KOLOMBONG FISH HEAD CURRY &amp; CAFE LIKAS PLAZA","LOT 4, TINGKAT BAWAH, LIKAS PLAZA, JALAN PASIR, 88300, KOTA KINABALU","Kota Kinabalu Sabah",,,"Restoran / Kafe","17 Feb Hingga","17 Feb 2023","Jalan Pasir, 88450 Kota Kinabalu, Sabah, Malaysia",116.1075022,5.9937898,"GEOMETRIC_CENTER","2023-02-18 16:24:31"
48,"https://menurahmah.kpdn.gov.my/info/menu/eyJpdiI6IlZ2VzR2TGkzcXpyVkNtZ0QrZE52Vnc9PSIsInZhbHVlIjoiYWVDRHJaMmpBeDVIUUxUM3d2WnZldz09IiwibWFjIjoiNDdhYjAwY2RiN2ViNzg0OWVjYjkyYmIwNmVlY2I4NWE1YmZjODU4MjVlYzMxN2IzNDY2NWYxYzAzNjg2N2Y0YyIsInRhZyI6IiJ9","DAPUR SABINDO","CL.2252891467 (QF AUTO SERVICE), JALAN TANDEK, KOTA MARUDU","Kota Marudu Sabah",,,"Restoran / Kafe","17 Feb Hingga","17 Feb 2023","Jalan Tandek, 89100 Kota Marudu, Sabah, Malaysia",116.8650458,6.5033353,"GEOMETRIC_CENTER","2023-02-18 16:24:28"
49,"https://menurahmah.kpdn.gov.my/info/menu/eyJpdiI6IkJkZExpdHBKM3ovcXdaays4QmYrTHc9PSIsInZhbHVlIjoibUxYVGZrOURuckQzamVnaitCczNZQT09IiwibWFjIjoiMDhhOWI2NzkxMjE3YmZmYzg3MmI2NzAzMjZjMDc3M2UxMjFkOWYyZmEyMmVmOWZhMmY2NTgwMGY1ZTYxYjk2NiIsInRhZyI6IiJ9","WARUNG D’KELATE","TB4622, LOT 10, BAZHONG COMMERCIAL CENTRE, JALAN TAWAU LAMA, 91000","Tawau Sabah",,,"Restoran / Kafe","17 Feb Hingga","17 Feb 2023","4533, Jalan Tawau Lama, 91000 Tawau, Sabah, Malaysia",117.8960111,4.2434153,"ROOFTOP","2023-02-18 16:24:26"
50,"https://menurahmah.kpdn.gov.my/info/menu/eyJpdiI6ImdNNTlLeXJrUEZmbXNWMFRtQWVZcUE9PSIsInZhbHVlIjoiaUpQeHF0MXkxMmM4VXQrNzFCQ0JCdz09IiwibWFjIjoiNzcwNzk5ZGM2MzFlZDllNTg0M2M5MjRiOGQ0NmU3MWI3ZDhkZjYzMmI2MGRhNTVkZTZlZTgyMzZhNDBhZWE5ZCIsInRhZyI6IiJ9","WARUNG POKYIE","JALAN SMK MAJAKIR, KG SUNGAI PADANG 89600 PAPAR","Papar Sabah",,,"Restoran / Kafe","17 Feb Hingga","17 Feb 2023","Jalan SMK Majakir & Jalan Kg Sungai Padang, 89600 Papar, Sabah, Malaysia",115.9227262,5.7309794,"GEOMETRIC_CENTER","2023-02-18 16:24:24"
51,"https://menurahmah.kpdn.gov.my/info/menu/eyJpdiI6Ilp6ZG91QkFsVzM2TE5JV1RwUjVpVnc9PSIsInZhbHVlIjoiUGZMeFNNM2ZJc0xEK2ZxY1dGUUwwZz09IiwibWFjIjoiNzc2ZWFkMzBhOWJkNjNiNWQ3N2IzOTUzNzc2ZDEyNzZmNWQyYmViZmFjZjFkMjUzZGQ4ZmQyMTYxOWZiYTUyYiIsInRhZyI6IiJ9","KAFE COOP &amp; KATERING KWBBS","TINGKAT BAWAH, LOT 1A, BANGUNAN KARAMUNTING, JALAN BATU SAPI, SANDAKAN 90000, SABAH","Sandakan Sabah",,,"Restoran / Kafe","17 Feb Hingga","17 Feb 2023","Jalan Karamunting & Jalan Batu Sapi, 90000 Sandakan, Sabah, Malaysia",118.0738327,5.8135387,"GEOMETRIC_CENTER","2023-02-18 16:24:21"
52,"https://menurahmah.kpdn.gov.my/info/menu/eyJpdiI6IlJ4MXk4VnJ2aHpxUWRYYUZmaW1ZVWc9PSIsInZhbHVlIjoicm1CWU04RTd4eWVISE9QdXErampTQT09IiwibWFjIjoiYWQxM2JhNGZkYmY0MTg4MTlkMWRhYzJmNThhOGU1N2Q5MGM0NmQyNDczNGY1YjhhMjQyZjg4NWRiYjBkYTYzNCIsInRhZyI6IiJ9","GERAI NO43 KAK BIYAH PASAR GANTUNG","PASAR RAKYAT LAHAD DATU SABAH","Lahad Datu Sabah",,,"Medan Selera / Gerai","17 Feb Hingga","17 Feb 2023","Bunga Raya, Bandar Lahad Datu, 91111 Lahad Datu, Sabah, Malaysia",118.3313326,5.022419,"GEOMETRIC_CENTER","2023-02-18 16:24:20"
53,"https://menurahmah.kpdn.gov.my/info/menu/eyJpdiI6IjBEQ0FRcGl0WE9iR1pIaXFkOHh5NWc9PSIsInZhbHVlIjoiS0FDOHNnZGQ4dit6TWMvTjVkRmNzdz09IiwibWFjIjoiOTI4YjFkNjU2NjlmY2E3NGIyZDlkYTlkMTg2ZGQyNjM0NTc0MDZmNWY0NGM3NTg2NjIwNzBhZTdkZjVmMWNhOSIsInRhZyI6IiJ9","RESTORAN SRI PANTAI","TB2111 BANGUNAN HAP SENG JALAN TG BATU","Tawau Sabah",,,"Medan Selera / Gerai","17 Feb Hingga","17 Feb 2023","TB3029, Yacht Club Garden, Jalan Tanjung Batu, 91000 Tawau, Sabah, Malaysia",117.8776165,4.2507991,"GEOMETRIC_CENTER","2023-02-18 16:24:26"
54,"https://menurahmah.kpdn.gov.my/info/menu/eyJpdiI6IjVMNFkxaS9rMnl5d1BhZFdZL0Z4a0E9PSIsInZhbHVlIjoiRERSanRocVBNNGFyem9OTDFMbytmQT09IiwibWFjIjoiYzAyNDIyYmM4ZjY1ZWRhYjliYWE0YWMxOTk2NDgyZTE0Yjg5ZjM4YWMyNTM3M2Y0ZDY2ODg5NTQ1NmY0NWNhZSIsInRhZyI6IiJ9","KUDAT CURRY HOUSE &amp; CATERING","LOT 10 JAYA SHOPPING CENTRE, KUDAT, SABAH","Kudat Sabah",,,"Restoran / Kafe","17 Feb Hingga","17 Feb 2023","89050 Kudat, Sabah, Malaysia",116.8466165,6.8830571,"APPROXIMATE","2023-02-18 16:24:12"
55,"https://menurahmah.kpdn.gov.my/info/menu/eyJpdiI6IjMyL1N3RnVudXJvaFNuRnV1bGxFOEE9PSIsInZhbHVlIjoiRnBKa0JqdGhKKzlRUUFENHExMVByUT09IiwibWFjIjoiMjM0YzNkYjc0ZTcyOGE4YTQxNmQ4ZDc4ZjQyMjM0N2JkMTQzMWYyMWM2Zjg0MTU2Zjk4YWQwNTE1YjlmODRlMCIsInRhZyI6IiJ9","AL AMIN CURRY HOUSE 24 JAM","LOT 9, FASA 2 CERAH COMMERCIAL CENTRE BEAUFORT, 89800, BEAUFORT, SABAH","Beaufort Sabah",,,"Restoran / Kafe","17 Feb Hingga","17 Feb 2023","Asian Highway 150, 89800 Beaufort, Sabah, Malaysia",115.6813118,5.2830074,"GEOMETRIC_CENTER","2023-02-18 16:24:30"
56,"https://menurahmah.kpdn.gov.my/info/menu/eyJpdiI6ImVRcXB5VGtRMytFMWd0UG5PbXVxZXc9PSIsInZhbHVlIjoibFhuNEtNc1hibEdoaFAzVTZETkdRUT09IiwibWFjIjoiMTljZDkyOGZiM2MxNjAxZDk5ZDI5MDM2Mjk0ZDM4NTYyM2I4NjkzNmUzMzk0N2M2ZjY5MzE2ZGVhOTI0ZDVlMiIsInRhZyI6IiJ9","HAJI YASSIN BANANA LEAF","LOT 55, BLOK H, GROUND FLOOR, 1BEAUFORT COMMERCIAL CENTRE, 89800 BEAUFORT, SABAH","Beaufort Sabah",,,"Restoran / Kafe","17 Feb Hingga","17 Feb 2023","1beaufort, Majukota Commercial Centre, 89800 Beaufort, Sabah, Malaysia",115.7351684,5.3445806,"GEOMETRIC_CENTER","2023-02-18 16:24:15"
57,"https://menurahmah.kpdn.gov.my/info/menu/eyJpdiI6IjNEWkJxam1sTWorRXZnS2RqZnkyNVE9PSIsInZhbHVlIjoiL3AwUlZRVnFSdjJiSk13bGhCUjRSZz09IiwibWFjIjoiNGNjNzM3NGVjOWYxNWNmMThiMjk2ODI0MDZmMjg2NzljZTg1MTVhM2FlNTU3ZTIwMWEwN2IyZTUzOWQxYjdjNiIsInRhZyI6IiJ9","RESTORAN RESEPI IKAN BAKAR","LOT 19, GROUND FLOOR, MEDAN MARUDU, 89100 KOTA MARUDU, SABAH","Kota Marudu Sabah",,,"Restoran / Kafe","17 Feb Hingga","17 Feb 2023","89100 Kota Marudu, Sabah, Malaysia",116.7609682,6.4958249,"GEOMETRIC_CENTER","2023-02-18 16:24:17"
58,"https://menurahmah.kpdn.gov.my/info/menu/eyJpdiI6InBsTGJvQTI0L3NmQUovUUgzRDZ4RUE9PSIsInZhbHVlIjoiblJHU2lybXI3eElheVZSQlpycWxTdz09IiwibWFjIjoiYzAwOWQ2NGY1YjEwMDNkZWJmY2QzNjllZmIyZTcwYmM1YzdmNmEwN2VhOTllMjc2OTU1NWM1YWQ1NzYzNDNhYyIsInRhZyI6IiJ9","OKE BAH NI RESTORAN &amp; KATERING","14, JALAN IKAN JUARA 1, KARAMUNSING, 88000 KOTA KINABALU, SABAH","Kota Kinabalu Sabah",,,"Restoran / Kafe","17 Feb Hingga","17 Feb 2023","14, Jalan Ikan Juara 1, Karamunsing, 88000 Kota Kinabalu, Sabah, Malaysia",116.0721021,5.9696018,"ROOFTOP","2023-02-18 16:24:20"
59,"https://menurahmah.kpdn.gov.my/info/menu/eyJpdiI6Ik1xRDBHVk5tS2RDajlSaFNLMVE5bXc9PSIsInZhbHVlIjoiSSt6cEVUVFhtc3p6dkNyT1VXc3RyUT09IiwibWFjIjoiNTdmMWQ3NDdjNDhiYmQ3NzI1MWJkYzhhNDQyNTZiMmE5ZTJiOTNhZDM5ZjI3MjMyYTU2ODgzNWRkYTZiZGVjZCIsInRhZyI6IiJ9","RESTORAN NASI LEMAK RENDANG OMA HARBOUR CITY","LOT D-7-1, GROUND FLOOR (BESIDE 7 ELEVEN), HARBOUR CITY, SEMBULAN, KOTA KINABALU, SABAH","Kota Kinabalu Sabah",,,"Restoran / Kafe","17 Feb Hingga","17 Feb 2023","51, Jalan Pantai, 88000 Kota Kinabalu, Sabah, Malaysia",116.0635253,5.9655426,"ROOFTOP","2023-02-18 16:24:27"
60,"https://menurahmah.kpdn.gov.my/info/menu/eyJpdiI6IkE0azZ3THNTOThqcklYUHB6U1hsU3c9PSIsInZhbHVlIjoieW5SdXZQNytycWhoWlVSeVNFSnhkdz09IiwibWFjIjoiYjU0Yjc3NjEzMjY2ZDQxZjQ0NDhiMzYzOWFlNmU2YWQ5MzA5YTkwMTRhMDIwNzg4OTc5ZDVkMWJkM2ZlOWI3YyIsInRhZyI6IiJ9","RESTORAN KAK RUGAK CAFE","TB 4456 LOT 47 BLK H GR FLR SABINDO SQUARE JALAN DUNLOP 91000 TAWAU SABAH.","Tawau Sabah",,,"Restoran / Kafe","17 Feb Hingga","17 Feb 2023","Jalan Dunlop, Sabindo Square, 91000 Tawau, Sabah, Malaysia",117.8928458,4.2445287,"GEOMETRIC_CENTER","2023-02-18 16:24:17"
61,"https://menurahmah.kpdn.gov.my/info/menu/eyJpdiI6IjFDMnBrZmxPWWFEMGdaVGwrUFAwUUE9PSIsInZhbHVlIjoiWGJkbW9kSXRPMTdnWmFtZFdSdmpyUT09IiwibWFjIjoiODZlZWNmNDFhMTFhNTYwNjQwYTg4NmFjZmRlOTJlODEyZTEwYjk2NWI5N2RiMTBiYWFmODZmNWFmMTljNTgxYSIsInRhZyI6IiJ9","DAPUR BUNDA SECOBEK PEDAS GILA","LOT C11, GROUND FLOOR (CORNER), CYBER SQUARE COMMERCIAL CENTRE, PENAMPANG","Penampang Sabah",,,"Restoran / Kafe","17 Feb Hingga","17 Feb 2023","B10-0 & B11-0, Ground Floor, Block B Cyber Perdana Commercial Centre Jalan Lintas Penampang, 88300 Kota Kinabalu, Sabah, Malaysia",116.0630044,5.9157338,"GEOMETRIC_CENTER","2023-02-18 16:24:20"
62,"https://menurahmah.kpdn.gov.my/info/menu/eyJpdiI6ImpOKzBDQkZKMXZtdkpteWZhSEZiUGc9PSIsInZhbHVlIjoiQW5mTEw5eWF6VkFERTZ6QkNndFdrZz09IiwibWFjIjoiZDBiNzY0NGEwNWIzNDIwNDZhYTkxZmQ2Mjk3MjIwOTIzZjBjMjdmOTNkYjI2ZGQ3MTAxNDVjNWIwMzRjYTMxOCIsInRhZyI6IiJ9","HAAWON CAFE","LOT 10,JALAN OKK SODOMON,ADNAN SHOPPING COMPLEX, KENINGAU,SABAH,89000","Keningau Sabah",,,"Restoran / Kafe","17 Feb Hingga","17 Feb 2023","10, Jalan OKK Sodomon, 89000 Keningau, Sabah, Malaysia",116.1552999,5.3381918,"RANGE_INTERPOLATED","2023-02-18 16:24:22"
63,"https://menurahmah.kpdn.gov.my/info/menu/eyJpdiI6IitOTytCSndQcjhEVVNXbStGNSt5WXc9PSIsInZhbHVlIjoiZldtamtiSUVUQi9rREV0Q00zRFRYdz09IiwibWFjIjoiZTExZTVkYzU0ZGEzMGVkYzJlNzA5MGZlMDU5YzQ1ZGU5MTFkY2I3NjA4ODE2YzMzYzYyNWY1ZDRjYjE0NTM0NiIsInRhZyI6IiJ9","KERISIK RESTO","UNIT NO.P1/E/25/G, GROUND FLOOR, BLOCK E, KK TIMES SQUARE, SIGNATURE OFFICE, OFF COSTAL HIGHWAY,88100 KOTA KINABALU, SABAH.","Kota Kinabalu Sabah",,,"Restoran / Kafe","17 Feb Hingga","17 Feb 2023","Lot G - 41 - 5, Block G, 5th Floor, KK Times Square Off, 1, 88100 Kota Kinabalu, Sabah, Malaysia",116.0648416,5.9697536,"GEOMETRIC_CENTER","2023-02-18 16:24:22"
64,"https://menurahmah.kpdn.gov.my/info/menu/eyJpdiI6ImFGVlVieElxUGZZMXFhZWRkNmV4WXc9PSIsInZhbHVlIjoiS2JwQkRkSmpaK3JKVWpYSWxSTk9xUT09IiwibWFjIjoiNGUwMDQxYWRjY2Q0MDk4MzlhYjEyNjExNzI0ZGJiYmRmOTI0ZDA2ZDE0ODZkMjk3ZmZkNTczMmMwN2M3ZGU4NyIsInRhZyI6IiJ9","RESTORAN RASA KAMPUNG","SHOP NO. 3 LOT 17 BLOK 3, TAMAN SAWIT BALUNG, JALAN APAS BALUNG, 91000 TAWAU SABAH","Tawau Sabah",,,"Restoran / Kafe","17 Feb Hingga","17 Feb 2023","Jalan Apas, 91000 Tawau, Sabah, Malaysia",117.9587118,4.2556832,"GEOMETRIC_CENTER","2023-02-18 16:24:22"
65,"https://menurahmah.kpdn.gov.my/info/menu/eyJpdiI6IkpleGsrUmUxTTJabUZuWERQYlFOSkE9PSIsInZhbHVlIjoiWWxsbFRIRzI5R3ZtRXZGSnFEUUhSZz09IiwibWFjIjoiYWQ2MGVlM2E1Y2ZmNDIxMmNmNThiNzBmN2M3NjNjNzQ3ODhjMWYzMTBmMjUwOTA5NTZhYzM3YjFjYjYzNjk3ZiIsInRhZyI6IiJ9","BAKTI RESTAURANT","LOT 14, SURIA SHOPPING CENTRE, 89008 KENINGAU SABAH","Keningau Sabah",,,"Restoran / Kafe","17 Feb Hingga","17 Feb 2023","Keningau, Sabah, Malaysia",116.1566801,5.3374039,"APPROXIMATE","2023-02-18 16:24:18"
66,"https://menurahmah.kpdn.gov.my/info/menu/eyJpdiI6Ii9TZlNmNFJzOXVpZUQrdjFpekRjN2c9PSIsInZhbHVlIjoiUUgydWl1NThLb24zTEVHYVhOaTlIQT09IiwibWFjIjoiZDJmNDc1OWM4Nzk0MGQ2ZjI4Yzk4YmJkM2U3ZjBlODk2ODhhYjUxNjliYmE3OTUxYTliODc2YzQxYTJhOTVkNyIsInRhZyI6IiJ9","RESTORAN SRI IBU","JALAN MAASAK BERHADAPAN BANK ISLAM","Keningau Sabah",,,"Restoran / Kafe","17 Feb Hingga","17 Feb 2023","89000 Keningau, Sabah, Malaysia",116.1494085,5.3384308,"GEOMETRIC_CENTER","2023-02-18 16:24:29"
67,"https://menurahmah.kpdn.gov.my/info/menu/eyJpdiI6Inl1dDVsUDd1bm1nb3dYRStkVGRjWmc9PSIsInZhbHVlIjoiR0tEWUZkUFF6UkNPQ1crdEIwaTJDUT09IiwibWFjIjoiNTc5NjI5NTBiZmEzOThiYmNkNGU4ZGVkYTM4ZGEzZWFlZGRhMmM2YjZhNzVmZDhjMzUwYmZjM2QwMTA4MWVkNiIsInRhZyI6IiJ9","LEYA CAFE RESTORAN &amp; CATERING","LOT NO. 2, PUSAT KOMERSIAL BARU PAPAR, 89608 PAPAR","Papar Sabah",,,"Restoran / Kafe","17 Feb Hingga","17 Feb 2023","Papar, Sabah, Malaysia",115.9318508,5.734628,"APPROXIMATE","2023-02-18 16:24:26"
68,"https://menurahmah.kpdn.gov.my/info/menu/eyJpdiI6ImY4ank4bFJrdm9aRzBRanY2ZlJjMlE9PSIsInZhbHVlIjoiM3oxcisrRXFUbXRIN04wQ3NPLzBMQT09IiwibWFjIjoiNjE4ODU2MzliZGFjYzAxNjVmZDg4MjY0ZmQ4MzA0ZmZlNTM1YmM1M2NkNzdmNTU4ZTY1MTgyYjZiMmQzODdhZCIsInRhZyI6IiJ9","BRIYANI ARAB KAMBING FISH &amp; GRILL KINGFISHER PLAZA","12A-0, LORONG PLAZA KINGFISHER, 88450 KOTA KINABALU","Kota Kinabalu Sabah",,,"Restoran / Kafe","17 Feb Hingga","17 Feb 2023","Lorong Plaza Kingfisher, 88450 Kota Kinabalu, Sabah, Malaysia",116.1223862,6.0162326,"GEOMETRIC_CENTER","2023-02-18 16:24:26"
69,"https://menurahmah.kpdn.gov.my/info/menu/eyJpdiI6IkRpTE41WnNaQ0JoUCtQdjRDLzNqL0E9PSIsInZhbHVlIjoiUmxsTTJUTDIzVTJhb0NkNmd4K2FqZz09IiwibWFjIjoiM2JlYjZlZTAzYjMxYmJjYTM4MmVmNjMwMmIyZDIyYTUwMTM4MmI5MDc5ZDYzMjE5MjkzODI5N2EwODViOGZlZSIsInRhZyI6IiJ9","KAFE COOP &amp; KATERING KWBBS","TINGKAT BAWAH BLOK 1A, BANGUNAN KARAMUNTING JALAN BATU SAPI, 90000 SANDAKAN SABAH.","Sandakan Sabah",,,"Restoran / Kafe","17 Feb Hingga","17 Feb 2023","Jalan Karamunting & Jalan Batu Sapi, 90000 Sandakan, Sabah, Malaysia",118.0738327,5.8135387,"GEOMETRIC_CENTER","2023-02-18 16:24:27"
70,"https://menurahmah.kpdn.gov.my/info/menu/eyJpdiI6IjZ4TUQ2WU5QNU0vK2dIS0s1aDRycHc9PSIsInZhbHVlIjoiVGFaTTRuc2dRbUJYdkF5REhjWmhYUT09IiwibWFjIjoiMDI1MzBiZTMyYTE1Yzg0NTQzMjlhNWRmYzc4NjQ5MGY3MThjMDE4OTIzN2UzM2E5ZDU4M2ViOTk3NzM3MTljMCIsInRhZyI6IiJ9","RESTORAN PAK MUS &amp; SOTO HOUSE","B-G-1&amp;2 PLAZA TANJUNG ARU, JALAN MAT SALLEH, PEKAN TANJUNG ARU, 88100 KOTA KINABALU, SABAH","Kota Kinabalu Sabah",,,"Restoran / Kafe","17 Feb Hingga","17 Feb 2023",,,,,"2023-02-18 16:25:16"
71,"https://menurahmah.kpdn.gov.my/info/menu/eyJpdiI6IjBGcnVaSDZ5amJTVUZsRGh3QmhsbWc9PSIsInZhbHVlIjoiTS9PTGRzYjRlcDRzUGhUbHR3aHBOQT09IiwibWFjIjoiZDY5ZDdjNWZkNzYzY2FkMjU1ZTg0NmUyMzk1OTVjNGM5NDBkYzdmYzU3YzFlMTBiMmI1MmJjYWU3OGZmYTFlNyIsInRhZyI6IiJ9","RESTORAN &amp; KATERING D&#039;ALAWIAH PLAZA 22","LOT 3, BLOK B, KG SAPAT, PLAZA 22, 89600 PAPAR","Papar Sabah",,,"Restoran / Kafe","17 Feb Hingga","17 Feb 2023","D15-GF, Plaza 22 Kg Sapat, 89600 Papar, Sabah, Malaysia",115.9379915,5.7365454,"GEOMETRIC_CENTER","2023-02-18 16:24:13"
72,"https://menurahmah.kpdn.gov.my/info/menu/eyJpdiI6Im5QZG43bGlhNzgzS2U0dlJOVHFiWlE9PSIsInZhbHVlIjoiQzJNTVJ2VFZlcFpiSzlBRWFWMlRidz09IiwibWFjIjoiNWVjMTZkZTA5ZjYwM2E1M2VjOGE2ZDZkZDY4YmY3MmU5YWM0ZDEwYzJiZjY3NGVmM2ViMDQ5YzhmMjMzYmI0YyIsInRhZyI6IiJ9","MYDIN SANDAKAN","SEJATI UJANA APARTMENT, MYDIN, LOR SEJATI UJANA 2, BATU 7, 90000 SANDAKAN","Sandakan Sabah",,,"Medan Selera / Gerai","17 Feb Hingga","17 Feb 2023","Sejati Ujana Apartment, Jln Sejati Ujana 3, 90000 Sandakan, Sabah, Malaysia",118.0515947,5.8915257,"ROOFTOP","2023-02-18 16:24:17"
73,"https://menurahmah.kpdn.gov.my/info/menu/eyJpdiI6Ik5mamdKZGphUy8yYmNLdTltN2pVOFE9PSIsInZhbHVlIjoiQk83RVRhMVJ6ZTNWNjVpUHFhdVRlZz09IiwibWFjIjoiMTI1ZTY5NmM3OWFhMWQ5MDlkYmEzY2M4NmQwOGQyNzA4ZGE4MjFlMTQzYmE1MWVhNmU1MTNlN2I2NjVlN2E0ZiIsInRhZyI6IiJ9","PLANGON CHICKEN RICE","JALAN SIBUGA PENJARA, 90716 SANDAKAN","Sandakan Sabah",,,"Restoran / Kafe","17 Feb Hingga","17 Feb 2023","Jalan Sibuga, 90000 Sandakan, Sabah, Malaysia",118.0529952,5.8547239,"GEOMETRIC_CENTER","2023-02-18 16:24:16"
74,"https://menurahmah.kpdn.gov.my/info/menu/eyJpdiI6IklXNk9IdFJPSHI0QTkxcVNBZ2dSRnc9PSIsInZhbHVlIjoiaFNvUCs1dUVpWEMvZ0UwamFEQnc0UT09IiwibWFjIjoiMDE1MGJlZTM5MjZhYTc2NWZmMjhhZjJhODE0NGZhMTcxZDNmNGFkM2E4NTFhMTJkZjAxOWU4MjEzYjAyMTkzOSIsInRhZyI6IiJ9","W &amp; Z SEMARAK","TAMAN SEMARAK, 91000 TAWAU","Tawau Sabah",,,"Restoran / Kafe","17 Feb Hingga","17 Feb 2023","Taman Semarak, 91000 Tawau, Sabah, Malaysia",117.8870231,4.300458,"APPROXIMATE","2023-02-18 16:24:22"
75,"https://menurahmah.kpdn.gov.my/info/menu/eyJpdiI6IlJkRS81L2V2MnRSV3RnRGJYWnFhU1E9PSIsInZhbHVlIjoiMll2NzJxTzc0am5GTTVzei9ReTVZdz09IiwibWFjIjoiZTM0YWU5MWViZGVhZTFmMzQxOWQxY2NkZjc2YWZlNzc1ZWE0MzkzN2M5MTczYzE2ZDk4OGQ0YzBjMGFlNWE1OCIsInRhZyI6IiJ9","RESTORAN BISMILLAH","JALAN BUNGA TANJUNG, TAMAN SABINDO, 91000 TAWAU","Tawau Sabah",,,"Restoran / Kafe","17 Feb Hingga","17 Feb 2023","Jalan Bunga Tanjung, Taman Sabindo, 91000 Tawau, Sabah, Malaysia",117.886683,4.2412158,"GEOMETRIC_CENTER","2023-02-18 16:24:13"
76,"https://menurahmah.kpdn.gov.my/info/menu/eyJpdiI6IjMwOWJJL2Y1UldEQlcwbnI5QVd6QlE9PSIsInZhbHVlIjoiOHVWWkk2WjNxT0xrKyt1UktOeFZkQT09IiwibWFjIjoiOGQzZWQ2NDU5Mjc3NDM1MzQyN2I0NGMxNWUxZWNjNmYxNTYwZGMyY2IzZjIxMzQ4ZTAwMzNiMTE5ZWU3NjUzYSIsInRhZyI6IiJ9","RESTORAN BISMI BISTRO","JALAN KUHARA, MUHIBBBAH SQUARE, 91000 TAWAU","Tawau Sabah",,,"Restoran / Kafe","17 Feb Hingga","17 Feb 2023","Lor Muhibbah Jaya 6, 91000 Tawau, Sabah, Malaysia",117.8928399,4.2895883,"GEOMETRIC_CENTER","2023-02-18 16:24:11"
77,"https://menurahmah.kpdn.gov.my/info/menu/eyJpdiI6InB0aHdLMkxlNzh6UjBJTnpaUktHMkE9PSIsInZhbHVlIjoiQVJJUmtvYm53NGNEUmRDVDlrRTZTZz09IiwibWFjIjoiZWY5YjU0MTJlZmRmZmQ4Yzk3OWExN2M0MDg4MDE2ZmFkMDE1YmU5NTdmZTgzNDhkZDg5NGE5NTJjMTRlNGQ3ZCIsInRhZyI6IiJ9","RESTORAN HAMEED FIRDAUS","JALAN KUHARA, MUHIBBBAH SQUARE, 91000 TAWAU","Tawau Sabah",,,"Restoran / Kafe","17 Feb Hingga","17 Feb 2023","Lor Muhibbah Jaya 6, 91000 Tawau, Sabah, Malaysia",117.8928399,4.2895883,"GEOMETRIC_CENTER","2023-02-18 16:24:11"
78,"https://menurahmah.kpdn.gov.my/info/menu/eyJpdiI6IlkyUWh1Q2xDZU1IMEVGZURJUkhKSlE9PSIsInZhbHVlIjoiSnRmVVY2TUEwdTVXT1gvTGlzZHA0UT09IiwibWFjIjoiMzU0YzQzZTQxYjdhMmQ3OWNiZDczM2MyMmM3OGNmMjVjNTU3OTY4N2FlZjMyZTQ1OGZhMzliODQzYzcwNzg4ZCIsInRhZyI6IiJ9","RESTORAN MILLAH","10, JALAN KUHARA, 91000 TAWAU","Tawau Sabah",,,"Restoran / Kafe","17 Feb Hingga","17 Feb 2023","10, Jalan Kuhara, 91000 Tawau, Sabah, Malaysia",117.8878471,4.2763419,"ROOFTOP","2023-02-18 16:24:12"
79,"https://menurahmah.kpdn.gov.my/info/menu/eyJpdiI6IkNxMUxyNjZkVlFqdmkrVExXeiswMFE9PSIsInZhbHVlIjoibCtHclV1VUwzL1FtSDZVYm5LbzYrZz09IiwibWFjIjoiYWFmMzUxNmM3OTRlMjE5ZmQyY2IxNjNiMmNhY2E2NzViNWZiMDA0ZDM5YjU0OGM5NjQ5MDg5MjVkZTZjNzkwNyIsInRhZyI6IiJ9","GERAI NASI BAMBONG KAK KASMAH","TAMAN SABINDO, 91000 TAWAU","Tawau Sabah",,,"Medan Selera / Gerai","17 Feb Hingga","17 Feb 2023","Taman Sabindo, 91000 Tawau, Sabah, Malaysia",117.8884148,4.241507,"APPROXIMATE","2023-02-18 16:24:21"
80,"https://menurahmah.kpdn.gov.my/info/menu/eyJpdiI6Ilhpa2RGSU84dU4wV1dXT01MeENmQmc9PSIsInZhbHVlIjoiUms3QjV5K0hoRTMxdU9zVEZBaHdkdz09IiwibWFjIjoiODRmZTRiYjA4OWMzNjk3MmY1MjQ0OWEyOTc4MDBkMzhjZDdmNWM5ZjMwYWVmYjlmNTNiZDYzYzEwNDYwNmEyOSIsInRhZyI6IiJ9","KAK NANG CORNER","JALAN PADANG, BANDAR TAWAU, 91000 TAWAU","Tawau Sabah",,,"Restoran / Kafe","17 Feb Hingga","17 Feb 2023","Jalan Padang, Bandar Tawau, 91000 Tawau, Sabah, Malaysia",117.8817572,4.2457368,"GEOMETRIC_CENTER","2023-02-18 16:24:24"
81,"https://menurahmah.kpdn.gov.my/info/menu/eyJpdiI6IlVoUitRc3Z0S0tJU3JVZ1NOUmdLMnc9PSIsInZhbHVlIjoicEQ4a0hTWS9FK3pyMzRLYmQ3Z1QxZz09IiwibWFjIjoiNzg5M2UxZDk1YjE2MzllZjc4ZWEyOGI0MTM4MGM0NGVlMTNlYzI2MmIzOTI0M2JjYjA3Y2FkMWFmOGI0OTg5YiIsInRhZyI6IiJ9","JR CAFE","JALAN HIEW FOOK, BANDAR TAWAU, 91000 TAWAU","Tawau Sabah",,,"Restoran / Kafe","17 Feb Hingga","17 Feb 2023","Jalan Hiew Fook, Bandar Tawau, 91000 Tawau, Malaysia",117.8906769,4.2433611,"GEOMETRIC_CENTER","2023-02-18 16:24:14"
82,"https://menurahmah.kpdn.gov.my/info/menu/eyJpdiI6IkJsTWlLZkVEUjN6RHpsN0xVT21yV2c9PSIsInZhbHVlIjoiVTVOTmIrRUZoTUdsZDk4aFpxVVlZZz09IiwibWFjIjoiODY5ZGMzODMxZWQyOTc3ZWFiZDdjOWNiOTIxMjcyMDcxMTk2ZmMyNmNjZmIyZmNmN2RjMjI5Y2ExMmE2ZDg5MSIsInRhZyI6IiJ9","RESTORAN AL-FARISHA","KG PANJI, JALAN HOSPITAL, PEKAN SEMPORNA, 91308, SEMPORNA","Semporna Sabah",,,"Restoran / Kafe","17 Feb Hingga","17 Feb 2023","Pekan Semporna, 91308 Semporna, Sabah, Malaysia",118.611545,4.479391,"GEOMETRIC_CENTER","2023-02-18 16:24:24"
83,"https://menurahmah.kpdn.gov.my/info/menu/eyJpdiI6Im4xOXFOUHE1NU5SSHBlKzc0WG5QYkE9PSIsInZhbHVlIjoiSnVZQy9uMFYxR1UrMDM2SzFQWVVrZz09IiwibWFjIjoiNTFlYTBmZTJkNjNkOWQzNGQ5N2Q5NzY0YzVhMGE5MGI2YzI4ZjFkMDYxZWY5M2JmNjE0NWFmZTMzNGMyYTY1MCIsInRhZyI6IiJ9","RESTORAN AL-LASA","LOT 7, OFF COURTS, COMPLEX MARA, JALAN HOSPITAL, PEKAN SEMPORNA, 91308 SEMPORNA","Semporna Sabah",,,"Restoran / Kafe","17 Feb Hingga","17 Feb 2023","Jalan Hospital, Pekan Semporna, 91308 Semporna, Malaysia",118.6074957,4.4805466,"GEOMETRIC_CENTER","2023-02-18 16:24:29"
84,"https://menurahmah.kpdn.gov.my/info/menu/eyJpdiI6IjAwUVBDTTBQWmF3RHZQd29OWTZWOVE9PSIsInZhbHVlIjoiWmpjcUd3NW5Ub1JsSkJ4b3J4VVpIUT09IiwibWFjIjoiZjkwNTA4MTA0OGE1YjIwOWMwMzhjZDE0NGVmNTlkMWI2ZTYzNzUyOGJkZTU5MjBjY2RjZTJmNGUwNzZkNGQ1NCIsInRhZyI6IiJ9","CM RESTAURANT","D/A BATU 3 JALAN KAMIRI 91308 SEMPORNA","Semporna Sabah",,,"Restoran / Kafe","17 Feb Hingga","17 Feb 2023","Jln Kamiri, 91308 Semporna, Sabah, Malaysia",118.5640122,4.4751813,"GEOMETRIC_CENTER","2023-02-18 16:24:11"
85,"https://menurahmah.kpdn.gov.my/info/menu/eyJpdiI6ImN5aVNEeHZSVStMTEh5akFiZ2NnZHc9PSIsInZhbHVlIjoiTkRmMG1JVElBVHBDM1VCb1VyZ2lUUT09IiwibWFjIjoiOWExNzRjNjIxMmRmMjJhNTc5Y2E5YTcyZGVjZjRkZGU4Y2FiODA0OTZhNTJlYWIzM2E2ZTJlZTlhODgyYjU4YSIsInRhZyI6IiJ9","KUNAK CHICKEN RICE","LOT 2 BLOK C BANGUNAN SEDCO P/S 402 91207 KUNAK","Semporna Sabah",,,"Restoran / Kafe","17 Feb Hingga","17 Feb 2023","Pekan Kunak, 91207 Kunak, Sabah, Malaysia",118.2420212,4.6861629,"APPROXIMATE","2023-02-18 16:24:25"
86,"https://menurahmah.kpdn.gov.my/info/menu/eyJpdiI6Ii91NkFwbEhDV3JxeVJ6TkZra2RheEE9PSIsInZhbHVlIjoiZEpBLy9GWG44R3g1UU4xYmdTNjlsUT09IiwibWFjIjoiZGJjODU5MDZiZWVlYmZlMTBmZDc3YTdlODI0OTZiZTJjMDhjMTE3NGExMmQ2ZjY2NmMyYWE3YjhhNDgyYzBjZSIsInRhZyI6IiJ9","MENU BY UMIE","GERAI 80, LORONG 4, TAMAN MESRA, BATU 4, SANDAKAN","Sandakan Sabah",,,"Restoran / Kafe","17 Feb Hingga","17 Feb 2023","80, Lrg 4, 90000 Sandakan, Sabah, Malaysia",118.0750125,5.8684645,"RANGE_INTERPOLATED","2023-02-18 16:24:18"
87,"https://menurahmah.kpdn.gov.my/info/menu/eyJpdiI6IngzbTFIaE5zNjhtTjZXL3V6bmhEQUE9PSIsInZhbHVlIjoiWkozbVVVWlJRSVNLYnJJajV2dnNZZz09IiwibWFjIjoiMzRmMTE0MjA0NmZhMjJiNjk4ZjY2NDY3ZDE2YjdmMWIzNzY3NGE4ZThiZTAyY2I4OWM4OGJhZGRmZWJlOWZlMSIsInRhZyI6IiJ9","FOOK YUEN","LOT G24 DARVEL BAY PLAZA JALAN PANJI LAHAD DATU","Lahad Datu Sabah",,,"Restoran / Kafe","17 Feb Hingga","17 Feb 2023","Lot 118, 1st Floor, Darvel Bay Plaza,, Jalan Panji, Bandar Lahad Datu, 91100 Lahad Datu, Malaysia",118.3276523,5.0223177,"GEOMETRIC_CENTER","2023-02-18 16:24:12"
88,"https://menurahmah.kpdn.gov.my/info/menu/eyJpdiI6IkQyN1lwcGp4aHVLMXZPOVhXRWp5bHc9PSIsInZhbHVlIjoiYVFIdjMwOTlnSE5Db2ZCSzVOUTBWdz09IiwibWFjIjoiMGM0ZDM3YTIyOTNmZTExNThlNTA4YzY3Y2FkYjgxMTI2MjM0NWEwMDcyNTVhOTUxNzhiNmNiNzFlMzIzNTcyNCIsInRhZyI6IiJ9","Mydin Bandar Baru Semariang","Kampung Rampangi Fasa 2, Bandar Baru Semariang","Kuching Sarawak",,,"Medan Selera / Gerai","17 Feb Hingga","17 Feb 2023","Bandar Baru Samariang, Petra Jaya, 93050 Kuching, Sarawak, Malaysia",110.3383285,1.6320499,"APPROXIMATE","2023-02-18 16:24:21"
89,"https://menurahmah.kpdn.gov.my/info/menu/eyJpdiI6InJ5OVgyM0dLQ3lVOXg1Tk5RV1F5NHc9PSIsInZhbHVlIjoid2p2M0Q4VDNyV3BGTFNSOFBBTDh5dz09IiwibWFjIjoiMmE2NjBlZmMxNjVlZDY1YWY1ZjI4N2QwNGE5YzNkZjYwODkyZTMxY2E0NzBiMDdlNDQ1MzQyZmIxNDY2ZjUwNiIsInRhZyI6IiJ9","Mydin Vista Tunku","Vista Tunku, Phase 8, Jalan Demak, Petra Jaya","Kuching Sarawak",,,"Medan Selera / Gerai","17 Feb Hingga","17 Feb 2023","Vista Tunku, Phase 8, Jalan Demak, Petra Jaya, 93050 Kuching, Sarawak, Malaysia",110.3604984,1.5705495,"ROOFTOP","2023-02-18 16:24:19"
90,"https://menurahmah.kpdn.gov.my/info/menu/eyJpdiI6Im9ueTJLWlJqMkNxWm1QVm9zL3NWdUE9PSIsInZhbHVlIjoiWndsUTF4Sis5OTB0QWNUWlJaRDhHZz09IiwibWFjIjoiODMzN2I4NDQyMTZiNjRjNTk0MmQxZTBkMDA5M2IzM2FlYmJjNDAwZDc1NmUzYmI3NDYyOGYzZGU2MjUzMmI2MCIsInRhZyI6IiJ9","The Table Kuching Kubah Ria","Gerai No.3","Kuching Sarawak",,,"Restoran / Kafe","17 Feb Hingga","17 Feb 2023","Kuching, Sarawak, Malaysia",110.3592927,1.553504,"APPROXIMATE","2023-02-18 16:24:17"
91,"https://menurahmah.kpdn.gov.my/info/menu/eyJpdiI6InpCNW9QYlV3ZlhFVEt2eWlHc2lmTHc9PSIsInZhbHVlIjoiNlVoOXRQMkd5YVdoRFd0Szl2WU9lZz09IiwibWFjIjoiYjEzNjUzNjcxYzBkMzJkMmYwYmE5NzE4M2JkNzgxOGJlMjg1MzQzYmFjNGM5MzRkMjBmZWE0ZTA1N2JhZGQyOCIsInRhZyI6IiJ9","Tian Fu Cafe","Jalan Jubli Mutiara, Sarikei","Sarikei Sarawak",,,"Restoran / Kafe","17 Feb Hingga","17 Feb 2023","Jalan Jubli Mutiara, Bandar Sarikei, 96100 Sarikei, Sarawak, Malaysia",111.5251067,2.1315324,"GEOMETRIC_CENTER","2023-02-18 16:24:21"
92,"https://menurahmah.kpdn.gov.my/info/menu/eyJpdiI6IkR1cWpPVXNUcThCdERLRFhtVk12Nnc9PSIsInZhbHVlIjoiSy80WmtuR0VQQW5QdE5paWdCdDB3dz09IiwibWFjIjoiNDU4MGI5ZjYzYzUyMzFkZjY3M2MxZTZhNmY1Mzg1Mjc2MWJiNzhiZjU3NDcwNzkyYTZkYzg4MWMxOTg0Y2FiYyIsInRhZyI6IiJ9","Dayana Curry House &amp; Catering","Limbang","Limbang Sarawak",,,"Restoran / Kafe","17 Feb Hingga","17 Feb 2023","Limbang, Sarawak, Malaysia",115.0081459,4.755032,"APPROXIMATE","2023-02-18 16:24:24"
93,"https://menurahmah.kpdn.gov.my/info/menu/eyJpdiI6ImRyTFRvQlE0VnJiRXpxU2ZKa2tJaEE9PSIsInZhbHVlIjoiWFRDUFZ2MG5kTzZiU2V6SEhQajBGUT09IiwibWFjIjoiYmVhMzRhNzE0NGYzYThmYjUzNmE2MThhMmQ3Mzc1MWUwYmI2MWM0ZDJiMzdhODgxNDFkODhlMTQzNmIxMTM5YSIsInRhZyI6IiJ9","New Mei Sing Coffee Shop","Limbang","Limbang Sarawak",,,"Restoran / Kafe","17 Feb Hingga","17 Feb 2023","Limbang, Sarawak, Malaysia",115.0081459,4.755032,"APPROXIMATE","2023-02-18 16:24:24"
94,"https://menurahmah.kpdn.gov.my/info/menu/eyJpdiI6Iis5ZGs3Y2dsMHJyeDZkcDg4TEhDUFE9PSIsInZhbHVlIjoiemxtTGg3VERrdjV2ckwxU253Tk14UT09IiwibWFjIjoiYjQxMmQxYjk4N2RhODhiMGMzM2EwOTMxMzgxY2EzYmRmNTA4ZjY1ZmZhYzNmODJhNGUwY2ZkOTA1YWNhZDk4NyIsInRhZyI6IiJ9","Char Kway Teow Tapak Kuning","Kompleks MARA Satok Parade, Jalan Satok","Kuching Sarawak",,,"Restoran / Kafe","17 Feb Hingga","17 Feb 2023","Jalan Satok, Kuching, Sarawak, Malaysia",110.3341297,1.5532292,"GEOMETRIC_CENTER","2023-02-18 16:24:27"
95,"https://menurahmah.kpdn.gov.my/info/menu/eyJpdiI6IjJtMTFXeGdIMXg0RXlORmR3QW1QT2c9PSIsInZhbHVlIjoiQmY2ZFh3Z000bzFaeUliWStwOW5mUT09IiwibWFjIjoiY2Y5NWIyMmNlMWVjYzMwNTdmZDMzYmQyOGY2ZmI4NDBhMDE0NzQyYjE2ZDliMDE4NDBhMjY0ODFhNmFhNmFlNyIsInRhZyI6IiJ9","Restoran Idaman","Stall No.11 Medan Niaga Lawas","Lawas Sarawak",,,"Restoran / Kafe","17 Feb Hingga","17 Feb 2023","1085, Jln Pantai, 98850 Lawas, Sarawak, Malaysia",115.4101499,4.8611904,"ROOFTOP","2023-02-18 16:24:25"
96,"https://menurahmah.kpdn.gov.my/info/menu/eyJpdiI6IjBHTFY0UWU1QzNraE9tUkRsWnhISEE9PSIsInZhbHVlIjoiUkc3aW9pbmU3VDZpcXY5YUJFT09odz09IiwibWFjIjoiNTJkNWRhZDU2OTMzZWMyMmEwNjRiYTIwNGQ0ODk0OTUxNWQ2NjE5YWIwZWJmNTExYWY5OGU2ODFhYzIwMzM1MiIsInRhZyI6IiJ9","Hello Café","Mukah","Mukah Sarawak",,,"Restoran / Kafe","17 Feb Hingga","17 Feb 2023","Mukah, Sarawak, Malaysia",112.0921699,2.8920883,"APPROXIMATE","2023-02-18 16:24:21"
97,"https://menurahmah.kpdn.gov.my/info/menu/eyJpdiI6IjN2RzZ3aEc2cTFwc2czdGRjY0JlWEE9PSIsInZhbHVlIjoicTZGVGxySVZ0cFo1VmZJWXVpMXlmQT09IiwibWFjIjoiZmYxMzhjMTM3NGYwNjVmZjE1Zjg1ZGIwZjAzZWIzZDI1ZTBjYTkxNzg4NTRhNTg2MmYzNDVkOGJhMmViZTlmMyIsInRhZyI6IiJ9","Warung Hasmida","Kampung Lumba Kuda, 37A, Jalan Tan Sri Datuk William Tan, 93450 Kuching","Kuching Sarawak",,,"Medan Selera / Gerai","17 Feb Hingga","17 Feb 2023","37, Jalan Tan Sri Datuk William Tan, 93450 Kuching, Sarawak, Malaysia",110.3600964,1.5494694,"RANGE_INTERPOLATED","2023-02-18 16:24:22"
98,"https://menurahmah.kpdn.gov.my/info/menu/eyJpdiI6Inhtc29yaEpsUkJ4S1BYSzhVeWZPeUE9PSIsInZhbHVlIjoiUlZuQmJnOW11R2RzYzhOTFVpdzljUT09IiwibWFjIjoiOGUzYzA3YWFlNTIyMDcwMDg1ZDVmY2E5YmYyMzgwMDJkMDljMmI5OTQ2YjljNWU3ZWM2YTJlMGJmZDY5ZGM5MyIsInRhZyI6IiJ9","Coffee Zone","85B, Jalan Masjid Lama, Bandar Sarikei","Sarikei Sarawak",,,"Restoran / Kafe","17 Feb Hingga","17 Feb 2023","85B, Jalan Masjid Lama, Bandar Sarikei, 96100 Sarikei, Sarawak, Malaysia",111.516909,2.1295979,"ROOFTOP","2023-02-18 16:24:15"
99,"https://menurahmah.kpdn.gov.my/info/menu/eyJpdiI6IkFnNmxwSHNTQlgwcE41ZWJrMW5yZmc9PSIsInZhbHVlIjoiaVVxb0szNzJ6bVRsdEJhZ2lHUHV3UT09IiwibWFjIjoiNGY4Mzk1YWZkNzQ4MDEzY2RlYTQ0ZjhkMWY2NzJlMWJmYTE3MzM1NDlhMDg3MTZiY2RlOTNjNzBiYzBhNTJkMiIsInRhZyI6IiJ9","Rahmat 2 Restaurant Enterprise","Lot 334 , Ground Floor , Jalan Airport , 96800 Kapit , Sarawak.","Kapit Sarawak",,,"Restoran / Kafe","17 Feb Hingga","17 Feb 2023","Lot 334 , Ground Floor, 96800, Jalan Airport, 96800 Kapit, Sarawak, Malaysia",112.9327066,2.0104308,"ROOFTOP","2023-02-18 16:24:12"
100,"https://menurahmah.kpdn.gov.my/info/menu/eyJpdiI6ImNMUFZDMUR5R3VXTU1nZGFWWWNiNnc9PSIsInZhbHVlIjoieW1weGlKZk41d3FlZVNJaG1iZnZEdz09IiwibWFjIjoiMGUwMjU2MDgwMTJiZTlmYjI4ZjA0YzhhN2Q5MWQ3ZTc0NGUyOTUwNzdkNGY5ZDM3NDNjNjk3MWJjYzM4NzhjNSIsInRhZyI6IiJ9","Na Na Bakery &amp; Cafe","Sublot 45,In Lot 2141,","Blok 13 Menuan Land District, Jalan Bleteh, Kapit Sarawak",,,"Restoran / Kafe","17 Feb Hingga","17 Feb 2023","Jln Bleteh, Kapit, Sarawak, Malaysia",112.9263692,2.0120356,"GEOMETRIC_CENTER","2023-02-18 16:24:13"
101,"https://menurahmah.kpdn.gov.my/info/menu/eyJpdiI6ImR6Y2FtQmluWmsvempvYTRwQ0VERmc9PSIsInZhbHVlIjoiNndkQVE0VEJqYnpBR0NuWEE3bzVpZz09IiwibWFjIjoiN2MyZTVlNTUzZmU3YzRhNTJhOTcyZmVlMGNmMmQwZjZhMmQ1ODJhNzE0MmEyNGY5MGUwNGMyYWM5ZDZmMDE3OSIsInRhZyI6IiJ9","Sister Kopitiam","GL,lot 560, Jalan Penghulu Nyanggau kapit","Kapit Sarawak",,,"Restoran / Kafe","17 Feb Hingga","17 Feb 2023","Kapit, Sarawak, Malaysia",112.933085,1.995115,"APPROXIMATE","2023-02-18 16:24:31"
102,"https://menurahmah.kpdn.gov.my/info/menu/eyJpdiI6IkhaQ01CQWQyVzVQT2ROc0xFbUdKY2c9PSIsInZhbHVlIjoiQzJCZ3lrcmZDQ042S0lRK080L3VKZz09IiwibWFjIjoiMTMzYjU5MGJmYjdjMTNhNmY3MzY0MjhlMDRhNzFjNWNkZjE0YzRjNGUwOTEyZDUyOGFiZWUxMDU2NjlkZGJkOCIsInRhZyI6IiJ9","1 Malaysia Cafe","No. 82A-82B, Jalan Masjid, Sarikei","Sarikei Sarawak",,,"Restoran / Kafe","17 Feb Hingga","17 Feb 2023","82a, 82, Jalan Masjid, 93000 Kuching, Sarawak, Malaysia",110.3423957,1.5578048,"RANGE_INTERPOLATED","2023-02-18 16:24:37"
103,"https://menurahmah.kpdn.gov.my/info/menu/eyJpdiI6IldIRlBhYWtqY1d2SnBDUGd3SVNjV3c9PSIsInZhbHVlIjoiSnBxT2I4MnVrVVUyTmYzWkdoR3NRUT09IiwibWFjIjoiZGNhYjE1NmI1MjYyYjU2MTc1MmI4NDZiMGYwY2I5ZGExM2E3MzNlMThmODQ3Y2M4NmY4YTE2MTMxYjY4NjZjYiIsInRhZyI6IiJ9","Cafe Sri Diana","Gerai No 3, Water Front, 96400 Mukah","Mukah Sarawak",,,"Restoran / Kafe","17 Feb Hingga","17 Feb 2023","96400, Sarawak, Malaysia",112.28609,2.8296074,"APPROXIMATE","2023-02-18 16:24:36"
104,"https://menurahmah.kpdn.gov.my/info/menu/eyJpdiI6IlFEU2M2QWFjRTBBZEJ2OUY4OVdOcGc9PSIsInZhbHVlIjoiSWlWNnBxYUdyNm16V3BKSDVIamRQdz09IiwibWFjIjoiMDk1M2ViOGIzNzhkZDQ3NjVlMGVhOTU1YjAyMTEwNmE5NDE0N2ZlNWZjNjI0NGFkNjMyYmUxNzE2MGM3MDNhMyIsInRhZyI6IiJ9","Opah Tomyam","Jalan Pasir Panas, Kampung Hulu, Sri Aman","Sri Aman Sarawak",,,"Restoran / Kafe","17 Feb Hingga","17 Feb 2023","Jalan Pasir Panas, Kampung Hulu, 95000 Sri Aman, Sarawak, Malaysia",111.4725103,1.2373548,"GEOMETRIC_CENTER","2023-02-18 16:24:45"
105,"https://menurahmah.kpdn.gov.my/info/menu/eyJpdiI6InVmb2d5WEtZa1c5ZkJpUGtMR0RpWmc9PSIsInZhbHVlIjoiOTBMSEFoMTJiMlN6VzYzQ25UUEJFUT09IiwibWFjIjoiODhhYzkyNTAwZDcxODdiNmIxOWRiMDIwMTUwOTY2NjI4YTA5MmQ5N2U3NjU5MTYxNmY3MzZhMTlhMjViNmE4NyIsInRhZyI6IiJ9","Chicken Shark","TT3 Plaza, Kuching","Kuching Sarawak",,,"Restoran / Kafe","17 Feb Hingga","17 Feb 2023","93350 Kuching, Sarawak, Malaysia",110.3932646,1.5129945,"GEOMETRIC_CENTER","2023-02-18 16:24:47"
106,"https://menurahmah.kpdn.gov.my/info/menu/eyJpdiI6IlV3S0RpQXBNUjAyZnJ3Unk4eHJIUGc9PSIsInZhbHVlIjoiTWpEOUtUd2RtYkQ0TVdiYkxVZ2UwUT09IiwibWFjIjoiZTQ4YjEwZDg2YjVjNGI0NDgxYmM4N2Y0YjIyY2U5NmRiMTA3ZWJiZjkwMDZkZDdjMTVlNjhkMTlkOTgyODI0OCIsInRhZyI6IiJ9","Selera Kampung Kak Eda Café","Lot 365 , Kapit Town District , 96800 Kapit Sarawak","Kapit Sarawak",,,"Restoran / Kafe","17 Feb Hingga","17 Feb 2023","Kapit, Sarawak, Malaysia",112.933085,1.995115,"APPROXIMATE","2023-02-18 16:24:43"
107,"https://menurahmah.kpdn.gov.my/info/menu/eyJpdiI6Im1uaGtVRW5ZM3FnRklpQ3ptUU43Tnc9PSIsInZhbHVlIjoiVGpiV3JmOUZ2Wmx4REp0NERsM21Qdz09IiwibWFjIjoiNDBjMTBlYzlmOTI1OTdmNTNhZjUzNzRjZjgwZGM2NTAyMWI3MTBmODQzMzdiODIzMWViNDU2ZTBiZjU2OWI2MiIsInRhZyI6IiJ9","Maker Fast Food Central","No.3, Tondong Bazaar","Bau Sarawak",,,"Restoran / Kafe","17 Feb Hingga","17 Feb 2023","Pekan Tondong, 94000 Bau, Sarawak, Malaysia",110.1603618,1.457845,"APPROXIMATE","2023-02-18 16:24:32"
108,"https://menurahmah.kpdn.gov.my/info/menu/eyJpdiI6IldBTGgxYnJWNnNocVY4b0ZYd0FDbFE9PSIsInZhbHVlIjoieXRkSVVjbEVWUXFvbDRhZk94VnJ0dz09IiwibWFjIjoiMjUxMzU5ZTdlOWFhNDdlZDdjNDJlNDE0ZWRlZjk4NjFlY2RhNTUwODVmNDc3ZjNlN2FlNTY5OGQ5NWI2ODQ2YSIsInRhZyI6IiJ9","Xin Xiong Cafe","No.9, Pekan Tondong, Lot 25","Bau Sarawak",,,"Restoran / Kafe","17 Feb Hingga","17 Feb 2023","25, 9, Pekan Tondong, 94000 Bau, Sarawak, Malaysia",110.1619739,1.4560522,"RANGE_INTERPOLATED","2023-02-18 16:24:40"
109,"https://menurahmah.kpdn.gov.my/info/menu/eyJpdiI6IlltcUhjMGxDYmNoSWNSRHBwZDMxR0E9PSIsInZhbHVlIjoiandMUmVPUmVmSERZV2E4SWhtSTN5QT09IiwibWFjIjoiMmJmMzgwZjI1MTE1MjY0NzkyNjViY2ZiYWI1Zjk0MzlhZDY1NDRmMWFiYzY0OTViZTVjMTQ1MTk0MzhmZDNkNCIsInRhZyI6IiJ9","Kah Hiong Ngiu Chap","No.83, (G/F), Jalan Nyabor","Sibu Sarawak",,,"Restoran / Kafe","17 Feb Hingga","17 Feb 2023","Sibu, Sarawak, Malaysia",111.8312675,2.2883267,"APPROXIMATE","2023-02-18 16:24:39"
110,"https://menurahmah.kpdn.gov.my/info/menu/eyJpdiI6IkdvVGlpS0RPeDhpN2RlcUt4RFo1L0E9PSIsInZhbHVlIjoiRDltRVN3dXVxSEo1bjhoWlVSZFZ5QT09IiwibWFjIjoiZmFlYmU5ZWQ3M2M2YWRhY2EwZWExY2NmMTVhNDM3ZmFjNmFlOTE0N2RkNTk3M2ExMjA2ZDg5YTdlMTNhOGYzZiIsInRhZyI6IiJ9","Alex’s Kitchen Chinese Muslim Cafe","No.122, Aiman Mall Commercial Centre","Samarahan Sarawak",,,"Restoran / Kafe","17 Feb Hingga","17 Feb 2023","Kota Samarahan (Link), 94300 Kota Samarahan, Sarawak, Malaysia",110.4458866,1.4555349,"GEOMETRIC_CENTER","2023-02-18 16:24:44"
111,"https://menurahmah.kpdn.gov.my/info/menu/eyJpdiI6IkxuL3JFOGxoNTl6U3E4ZU1WVThobHc9PSIsInZhbHVlIjoiUjd0ME9xeDh3RktmUExteUJ6SmZGZz09IiwibWFjIjoiNmYyMTBiMDgyMjBiYWMwOTUxOTY0YWRlYzEyNTA4YzJlNTBjYTFjNDQ2OWE3NDJlM2ViNmY2YTdhZGZkNWQzMiIsInRhZyI6IiJ9","Emmalia Kitchen","Medan Selera Lot C2 &amp; C3, Kompleks Ujana Kewangan, 87000 Wilayah Persekutuan Labuan","WP Labuan W.P Labuan",,,"Medan Selera / Gerai","17 Feb Hingga","17 Feb 2023",,,,,"2023-02-18 16:25:16"
112,"https://menurahmah.kpdn.gov.my/info/menu/eyJpdiI6IkI4cnc0dVJMYWVQMlhnTGJDb3VKUkE9PSIsInZhbHVlIjoiaFZkK3Vxc3hYeHZjMU5sNUM0elA2dz09IiwibWFjIjoiYjk4ZjdjNTcxYjUyN2IyNDczN2U4ZjA1MDVkZWFiYjA3MzVkMmI0MmE1NWM2ZmQyYjI3ZmFmM2I0MTI3ZGU3OSIsInRhZyI6IiJ9","Restoran Deen","A021-Ao22, Ground Floor, Kompleks Ujana Kewangan, 87000 Wilayah Persekutuan Labuan","WP Labuan W.P Labuan",,,"Restoran / Kafe","17 Feb Hingga","17 Feb 2023","Jln Merdeka, Financial Park, 87000 Labuan, Wilayah Persekutuan Labuan, Malaysia",115.2488585,5.2756766,"GEOMETRIC_CENTER","2023-02-18 16:24:45"
113,"https://menurahmah.kpdn.gov.my/info/menu/eyJpdiI6ImgycGEwQXFROWtKTGJ5eHZUa2tCeWc9PSIsInZhbHVlIjoiOFFQSVBjc2FFUW4vQ1lZYTZ1UlprZz09IiwibWFjIjoiMWZjNTNjNmIxYTUzYmMzN2RhNmFkYmU3NzcxZDVmMzdkMmY3YTg0MmMzYmQwN2JmMDI3MmYzMzBiMjlhOGFlZCIsInRhZyI6IiJ9","Restoran Selera Farizah","U0068, Jalan OKK Awang Besar, 87000 Wilayah Persekutuan Labuan","WP Labuan W.P Labuan",,,"Restoran / Kafe","17 Feb Hingga","17 Feb 2023","Jalan Okk Awang Besar, Bandar Labuan, 87000 Victoria, Wilayah Persekutuan Labuan, Malaysia",115.2409643,5.2788985,"GEOMETRIC_CENTER","2023-02-18 16:24:35"
114,"https://menurahmah.kpdn.gov.my/info/menu/eyJpdiI6ImtYUXUrbVZucXdPZXQyRGtLTlpHQ0E9PSIsInZhbHVlIjoiRVFCNENab3BLbithaEszUlQ4VDNkQT09IiwibWFjIjoiZmVkZDMxYjIxYTU3NWQwNjVjZDRjMDZhMzViNmZjOGY0NmExZmI3OTJhZWZlOTgwNTQxZjNiYzM3YWRhNDU1NCIsInRhZyI6IiJ9","M/S Mama Kitchen","U0064, Jalan OKK Awang Besar, 87000 Wilayah Persekutuan Labuan","WP Labuan W.P Labuan",,,"Restoran / Kafe","17 Feb Hingga","17 Feb 2023","Jalan Okk Awang Besar, Bandar Labuan, 87000 Victoria, Wilayah Persekutuan Labuan, Malaysia",115.2409643,5.2788985,"GEOMETRIC_CENTER","2023-02-18 16:24:41"
115,"https://menurahmah.kpdn.gov.my/info/menu/eyJpdiI6Im5BWW1hZmJRQ1BLWlBwYTBOQ2IxY0E9PSIsInZhbHVlIjoiSGFvek1SM0pjTGsxdm9NTHZtdkpDZz09IiwibWFjIjoiNDkwZDdhMGY2NmQ4MDM1ZWFhY2I3MmZjMTU2ODQwMWNjYmZlYWEzNzgzNjIyYjg3MWU4Y2NlMzdmOWZmYWZkYiIsInRhZyI6IiJ9","Bismillah Restoran","U0116, Jalan OKK Awang Besar, 87000 Wilayah Persekutuan Labuan","WP Labuan W.P Labuan",,,"Restoran / Kafe","17 Feb Hingga","17 Feb 2023","Jalan Okk Awang Besar, Bandar Labuan, 87000 Victoria, Wilayah Persekutuan Labuan, Malaysia",115.2409643,5.2788985,"GEOMETRIC_CENTER","2023-02-18 16:24:32"
116,"https://menurahmah.kpdn.gov.my/info/menu/eyJpdiI6IlE0RzZsS211QW13cS83Y3ZQU2tGc2c9PSIsInZhbHVlIjoiM2JpSHZHdFh0SWVvZmpGZ3pMVkpLQT09IiwibWFjIjoiMjE3MmY5OWQ1ZGU0NzgzNTI3ZjhiNDQzZDQ4Nzg1MmQwZDdmYTJhMjhjYWM3YjY1ZGRmZGNkMDg4Y2FlN2E4MiIsInRhZyI6IiJ9","Restoran Sharifah","U0101, Jalan Merdeka, 87000 Wilayah Persekutuan Labuan","WP Labuan W.P Labuan",,,"Restoran / Kafe","17 Feb Hingga","17 Feb 2023","u0101, 87000, Jalan Merdeka, Financial Park, 87016 Victoria, Wilayah Persekutuan Labuan, Malaysia",115.2476623,5.2757147,"ROOFTOP","2023-02-18 16:24:31"
117,"https://menurahmah.kpdn.gov.my/info/menu/eyJpdiI6IkxyRE5JYzJOcUgzZWNQbG5PdHRwREE9PSIsInZhbHVlIjoiVnNVbVptMUU4QzJxcEpQZlQ2US9adz09IiwibWFjIjoiOTRkNGY0NmFlNmU5NTI1YjI0NGNhOGFjMDA5NmQyMDlkZTEyMjM4OTNjMTFmNjhhNTY0ODdlNzNkODY3NTljMSIsInRhZyI6IiJ9","Restoran JJ Nazar Sdn Bhd","Lot 30, Blok C No. 21, Lazenda Centre, Jalan OKK Abdullah, 87000 Wilayah Persekutuan Labuan","WP Labuan W.P Labuan",,,"Restoran / Kafe","17 Feb Hingga","17 Feb 2023","Lazenda Commercial Centre Phase 3, 708, Bandar Labuan, 87000 Labuan, Labuan Federal Territory, Malaysia",115.246853,5.2789437,"ROOFTOP","2023-02-18 16:24:38"
118,"https://menurahmah.kpdn.gov.my/info/menu/eyJpdiI6IkhFbUIya05jaEp6RU1keWFPcHZ4clE9PSIsInZhbHVlIjoiTDFEeUVMMFVHUVYrc3dpaDhBMXB2QT09IiwibWFjIjoiYWY4NDYxMWQ1MTBhMTIzZjE1OGQ5M2U4MTE1M2U0OWI4MGZlM2Q0OGY2OTRmY2E3MjU5NjY5MjAxZDI3NTM5ZiIsInRhZyI6IiJ9","Sayang Sri Utara","Lot A8, Tgkt Bawah Blok A, Wisma Shore Servis, Jalan Ujong Pasir, 87000 Wilayah Persekutuan Labuan","WP Labuan W.P Labuan",,,"Restoran / Kafe","17 Feb Hingga","17 Feb 2023","87000 Labuan, Labuan Federal Territory, Malaysia",115.230825,5.2831456,"APPROXIMATE","2023-02-18 16:24:32"
119,"https://menurahmah.kpdn.gov.my/info/menu/eyJpdiI6IjJDRCtycHFqby96aFpHdGQvTXM2c3c9PSIsInZhbHVlIjoiWnNQc2dKZ0dQejZvZHBHUy9rQ2VFUT09IiwibWFjIjoiODgxMDJmY2Y3NTg3YjRiYWFjOTJiMzQyMjg5M2JhOTY3ZDI4MGE3NmVhYTNkYzc3YTY4NTQ0YjgwZTk0ZDg0NCIsInRhZyI6IiJ9","Lacu Enterprise","Café Klinik Kesihatan Membedai, Jalan Tanjung Taras, 87000 Wilayah Persekutuan Labuan","WP Labuan W.P Labuan",,,"Restoran / Kafe","17 Feb Hingga","17 Feb 2023","Jalan Tanjung Taras, 87000 Victoria, Wilayah Persekutuan Labuan, Malaysia",115.2649429,5.2897175,"GEOMETRIC_CENTER","2023-02-18 16:24:35"
120,"https://menurahmah.kpdn.gov.my/info/menu/eyJpdiI6IlllZ3RHYlBld09WN1BZNnlQelhnNGc9PSIsInZhbHVlIjoidFVNY2ZPazR1K1Rsd25QZ1lsK0JPdz09IiwibWFjIjoiNjgwMjA1OWYxMzFkZTNjZjE1ZWE0MTZmODBiNjQ5NzA3NTZmYzFhZjhhMDVlYTYyNzYyZTEzMmM0ODk3OGUzMCIsInRhZyI6IiJ9","Anjung Selera Indera Gusu","Kampung Sungai Labu, 87000 Wilayah Persekutuan Labuan","WP Labuan W.P Labuan",,,"Medan Selera / Gerai","17 Feb Hingga","17 Feb 2023","SL 0017 Kg. Sungai Labu W.P., 87000 Labuan, Wilayah Persekutuan Labuan, Malaysia",115.1905302,5.3274396,"GEOMETRIC_CENTER","2023-02-18 16:24:44"
121,"https://menurahmah.kpdn.gov.my/info/menu/eyJpdiI6Ikg4V2EyUURFUGZ6QVI5ZGVJN1JDMUE9PSIsInZhbHVlIjoiY1FuYUdGMUtvRFFURFo5aXNodTlhQT09IiwibWFjIjoiYjRjNTUxNmJhMDViYTg5MmEwZWIwNDg2ZDQ4NjlkYTgzMmZjMzVkMjQ5OWY2ODZjZDNjMDdmNzAzNDViNDA2NiIsInRhZyI6IiJ9","Resepi Dapur","Unit B003(A), U0522 Tingkat 1, Kompleks Ujana Kewangan, 87000 Wilayah Persekutuan Labuan","WP Labuan W.P Labuan",,,"Restoran / Kafe","17 Feb Hingga","17 Feb 2023","Jln Merdeka, Financial Park, 87000 Labuan, Wilayah Persekutuan Labuan, Malaysia",115.2488585,5.2756766,"GEOMETRIC_CENTER","2023-02-18 16:24:34"
122,"https://menurahmah.kpdn.gov.my/info/menu/eyJpdiI6IkNvOStwMm1EVStYZFVnNFhwd1FYSmc9PSIsInZhbHVlIjoiL09MZTlnRFI1UDNNZ2pmOWhCS3A2UT09IiwibWFjIjoiM2Q3Y2VlOTgzOWNkOGE5YmU2ZmZhYWRlZjllZmVkYmNjMjgzYTFlOGQwNTM5NzExZDc0MTJhNjc5NzcwYThlYyIsInRhZyI6IiJ9","Lacu Enterprise","Hospital Nukleus, Jalan Muhammad Salleh, 87000 WP Labuan","WP Labuan W.P Labuan",,,"Restoran / Kafe","17 Feb Hingga","17 Feb 2023","87000 Labuan, Labuan Federal Territory, Malaysia",115.230825,5.2831456,"APPROXIMATE","2023-02-18 16:24:34"
123,"https://menurahmah.kpdn.gov.my/info/menu/eyJpdiI6IjNodEtDY0lmbTRrY00yeTVKZ1pvTlE9PSIsInZhbHVlIjoiWVpPRnhreEJ5c0xCSjZVZnduYVhqQT09IiwibWFjIjoiZDI5OTYzNTFkYmFkNTM2YzcwZTAyZjRmYTZlNmJjMGY4OGVlOTc3NzBkZGI4ODlmYzYxMDdhMmZlNjY0ODcxNiIsInRhZyI6IiJ9","JJ Nazar Restoran","U0069, Jalan Bunga Tanjung, 87000 WP Labuan","WP Labuan W.P Labuan",,,"Restoran / Kafe","17 Feb Hingga","17 Feb 2023","Jalan Bunga Tanjung, Bandar Labuan, 87000 Victoria, Wilayah Persekutuan Labuan, Malaysia",115.2415395,5.2812237,"GEOMETRIC_CENTER","2023-02-18 16:24:33"
124,"https://menurahmah.kpdn.gov.my/info/menu/eyJpdiI6Ik1VQlpPWStqR1E0aGFERUFlSmsyVmc9PSIsInZhbHVlIjoidVdFM1JKQmRsbnlkRlI2MXRLS2pQdz09IiwibWFjIjoiNTJmZTI3NmRhZmU3NTUwMzljYmYxNWQ1YTdhZTAzNGMzNzIwZDg5OTgyMzI2YTI3NGNjMTRhOTk4OTIzZTI4YSIsInRhZyI6IiJ9","Park View Restaurant","U0139, Jalan Muhibbah, 87000 WP Labuan","WP Labuan W.P Labuan",,,"Restoran / Kafe","17 Feb Hingga","17 Feb 2023","Jalan Muhibbah, Bandar Labuan, 87000 Victoria, Wilayah Persekutuan Labuan, Malaysia",115.2422604,5.2786316,"GEOMETRIC_CENTER","2023-02-18 16:24:46"
125,"https://menurahmah.kpdn.gov.my/info/menu/eyJpdiI6ImV5eWh6d29TYU1EUWVzNEFzdEkvakE9PSIsInZhbHVlIjoidVdvYTV5UW5CY0JzWkkzSkJUZ3QyUT09IiwibWFjIjoiNTg4ZTE2MTdlMWM2MTMzODJiODllY2Q5ZGU2NTBkNTgxMGUzZTM3YjAxODAxYWQyZTBmMjM5ODdlMWEzN2ZmOCIsInRhZyI6IiJ9","Choice Restaurant","U0104, Jalan OKK Awang Besar, 87000 WP Labuan","WP Labuan W.P Labuan",,,"Restoran / Kafe","17 Feb Hingga","17 Feb 2023","Jalan Okk Awang Besar, Bandar Labuan, 87000 Victoria, Wilayah Persekutuan Labuan, Malaysia",115.2409643,5.2788985,"GEOMETRIC_CENTER","2023-02-18 16:24:33"
126,"https://menurahmah.kpdn.gov.my/info/menu/eyJpdiI6InNsR0kvRUZVMlp1cWY3dW5kNHRUUlE9PSIsInZhbHVlIjoiRXo1cW9SQ0ljbi81aWZIek4wdGFLUT09IiwibWFjIjoiNDQ5Yjk1OTM5MTUxMDAzYzA3MDNhYWFkOGQ1NmIzODdjZDRlNTVhNTk4MWUyNTk4ODZjMjBlYjY3NDIwYzQwZSIsInRhZyI6IiJ9","Restoran Dinnie (JJ Nazr S/B)","U0133, Jalan Bunga Mawar, 87000 WP Labuan","WP Labuan W.P Labuan",,,"Restoran / Kafe","17 Feb Hingga","17 Feb 2023","Jalan Bunga Mawar, Bandar Labuan, 87000 Victoria, Wilayah Persekutuan Labuan, Malaysia",115.2416462,5.2792477,"GEOMETRIC_CENTER","2023-02-18 16:24:45"
127,"https://menurahmah.kpdn.gov.my/info/menu/eyJpdiI6InF0bmd2SW1wTUx6UDdFK3UvTGdZUGc9PSIsInZhbHVlIjoiYlNsaVJad2o3bHFqWmdCNWhBRFhZQT09IiwibWFjIjoiZWQ3ZmI2ZmM5ZTk2MGJlZDRiZDk4MTZhZWQ5YWFjMWRiZWUxMzJhMjIxY2Q1YThkOGMxN2VlZWIxYzhjZDI5ZiIsInRhZyI6IiJ9","Barakath Restoran","U0324, Kampung Parit, 87000 WP Labuan","WP Labuan W.P Labuan",,,"Restoran / Kafe","17 Feb Hingga","17 Feb 2023","87000 Labuan, Labuan Federal Territory, Malaysia",115.230825,5.2831456,"APPROXIMATE","2023-02-18 16:24:42"
128,"https://menurahmah.kpdn.gov.my/info/menu/eyJpdiI6ImVJVCtvM0ZQa2xTNllBUGVUVUhwRWc9PSIsInZhbHVlIjoiaXRNbXd6MDNoaVBPTkJWMlN6V1V6Zz09IiwibWFjIjoiNWJmZDlkNzBiNzYxNGQxZGRiZThjNjgzZjE4MGJhNGJjMjAyYjE1NmNhNWU0YmM5NGM2YTdhZTQ5NTc3ZDhhZCIsInRhZyI6IiJ9","JJ Nazar Sdn Bhd","U0389, Jalan Bunga Rampai, 87000 WP Labuan","WP Labuan W.P Labuan",,,"Restoran / Kafe","17 Feb Hingga","17 Feb 2023","87000 Labuan, Labuan Federal Territory, Malaysia",115.230825,5.2831456,"APPROXIMATE","2023-02-18 16:24:43"
129,"https://menurahmah.kpdn.gov.my/info/menu/eyJpdiI6IlNZVVJ4dGs0allYb2VEbUxYd1B0TFE9PSIsInZhbHVlIjoiWUtxVWlHd0Jzay81RTVFYmZLdlg5UT09IiwibWFjIjoiNGZjMTkwMGM5YWFlNDkyOTFhM2JmOGY0NWNlNmM2NzdlNDU1Yjg3Yzc2NDc5NTUzNzAzMDkyMjQ2YWMxNDg3NCIsInRhZyI6IiJ9","Restoran Sharifah","U0101, Jalan Merdeka, 87000 WP Labuan","WP Labuan W.P Labuan",,,"Restoran / Kafe","17 Feb Hingga","17 Feb 2023","u0101, 87000, Jalan Merdeka, Financial Park, 87016 Victoria, Wilayah Persekutuan Labuan, Malaysia",115.2476623,5.2757147,"ROOFTOP","2023-02-18 16:24:36"
130,"https://menurahmah.kpdn.gov.my/info/menu/eyJpdiI6Iko0Y3pZcGthL21obzU4VzJSNm9McHc9PSIsInZhbHVlIjoiNG4zZlFUL2FPZEI3SERtN3pmbUw3Zz09IiwibWFjIjoiNTMyZjQ1MmI2ZTc5ZDMxNzk5ZTBkNmM3NmYwMWZmMjkyNmZjNjMxMGU0NWRjZTNiZjJlNDlkZDBhNzlkOWMyMiIsInRhZyI6IiJ9","JJ Nazar Sdn Bhd","U0534F, Ground Floor, Jalan Kemajuan, Ujong Pasir, 87000 WP Labuan","WP Labuan W.P Labuan",,,"Restoran / Kafe","17 Feb Hingga","17 Feb 2023","Jalan Kemajuan, Bandar Labuan, 87000 Victoria, Wilayah Persekutuan Labuan, Malaysia",115.242312,5.279634,"GEOMETRIC_CENTER","2023-02-18 16:24:47"
131,"https://menurahmah.kpdn.gov.my/info/menu/eyJpdiI6IllaSVFuSXIxTGMrK3cxOElndHlFUUE9PSIsInZhbHVlIjoiSFg2N1lhMWZUT0ZUK2g2MVBBanRYdz09IiwibWFjIjoiYjQwZWE3ZTZmOWM1NDg4MzQxOGE0MzRmMDQyMWZlNDlmZmRjMTQ4ZjFlNTMyYTVhY2M5MWNiYmQzYjM0YjBkNSIsInRhZyI6IiJ9","Restoran Selera Farizah","U0162, Jalan OKK Awang Besar, 87000 WP Labuan","WP Labuan W.P Labuan",,,"Restoran / Kafe","17 Feb Hingga","17 Feb 2023","Jalan Okk Awang Besar, Bandar Labuan, 87000 Victoria, Wilayah Persekutuan Labuan, Malaysia",115.2409643,5.2788985,"GEOMETRIC_CENTER","2023-02-18 16:24:37"
132,"https://menurahmah.kpdn.gov.my/info/menu/eyJpdiI6InpQUW41cjZZNXB5d05sajJlcUs1dHc9PSIsInZhbHVlIjoiczVMVzEzK05sYnUyNUwxR2d4MEhaUT09IiwibWFjIjoiMjk0YWQyZjc4N2QxZDQ5ZDNlOGQ0MTkxMDcyNzBiYzBlZDNkNWUzNWY1NjU5OWM4MmRkMGZhNGM4ZGU5MTc1MSIsInRhZyI6IiJ9","S2 Café &amp; Event,","L2L22, Departure Landside, Labuan Airport, 87008 WP Labuan","WP Labuan W.P Labuan",,,"Restoran / Kafe","17 Feb Hingga","17 Feb 2023","Labuan Airport, Lapangan Terbang Labuan, Jalan Tun Mustapha, 87015 Labuan, Wilayah Persekutuan Labuan, Malaysia",115.2492503,5.2944376,"GEOMETRIC_CENTER","2023-02-18 16:24:42"
133,"https://menurahmah.kpdn.gov.my/info/menu/eyJpdiI6IlRrM3ozTm9LTVRPZFZPZU1YY0hsVVE9PSIsInZhbHVlIjoiRVJucmRFZ3NBY0N6SUk5VzREYzVKdz09IiwibWFjIjoiNjM2NzUwYzc4ZjM4MzJmOWVlZWI2OGNiYmM2ODg0MTM1MjM4YmM0MjM0NDFhMzkwOTIwNDgxNzRhODA4OTNhYiIsInRhZyI6IiJ9","Gerai No. 3,","Kampung Ganggarak, 87000 WP Labuan","WP Labuan W.P Labuan",,,"Medan Selera / Gerai","17 Feb Hingga","17 Feb 2023","Jalan Pohon Batu, 87000 Labuan, Wilayah Persekutuan Labuan, Malaysia",115.2293575,5.3626129,"GEOMETRIC_CENTER","2023-02-18 16:24:39"
134,"https://menurahmah.kpdn.gov.my/info/menu/eyJpdiI6IjkxNUxZTG51RXZFYTVpTnoxM1ZTeWc9PSIsInZhbHVlIjoiOXhsUlZHUVRJdEl4d2NWQTlKdC9ZQT09IiwibWFjIjoiMjhjOGI4NWNjYTY2NTRjMzM1NmZjZDBhNTZhYjQyNTJiNzJjZmMyYzYwNzVhYzMyODI3NTk0YjVjMmU2NDAzNyIsInRhZyI6IiJ9","Transit House Cafe","U0324, Wong Wo Lo Light Industrial Complex, Kampung Parit, 87008 WP Labuan","WP Labuan W.P Labuan",,,"Restoran / Kafe","17 Feb Hingga","17 Feb 2023","87000 Labuan, Labuan Federal Territory, Malaysia",115.230825,5.2831456,"APPROXIMATE","2023-02-18 16:24:46"
135,"https://menurahmah.kpdn.gov.my/info/menu/eyJpdiI6IjJVTkU2UWJwZjFDYklCNG1FQVFnWUE9PSIsInZhbHVlIjoicTU1RnFjZ3U5SGx2NTRiQXJoSTU5Zz09IiwibWFjIjoiMzZiNGE3NGM4ZjlhMmVmYWEyZmE1MDI3ZmE1ZmUxNTZmZTZiYmU3OGFmMWFkNmE1MzdmYmQ1N2Q4NTMxZjNjOSIsInRhZyI6IiJ9","Kafeteria B, Kolej Matrikulasi Labuan,","Jalan OKK Daud, 87008 WP Labuan.","WP Labuan W.P Labuan",,,"Restoran / Kafe","17 Feb Hingga","17 Feb 2023","Jalan Okk Daud, 87000 Labuan, Wilayah Persekutuan Labuan, Malaysia",115.2063296,5.3443335,"GEOMETRIC_CENTER","2023-02-18 16:24:40"
136,"https://menurahmah.kpdn.gov.my/info/menu/eyJpdiI6Ii9kL2hIc3U1VjduSTg1OGRaY1pkWWc9PSIsInZhbHVlIjoiSTFpOGxVemR5cDA3dHd2dk45MGRodz09IiwibWFjIjoiYmJkYjY5ZDAwOTM0MWNlMDE5ZWU0ZDU4YzE0ZmYxYWU4ZGE1NmEwZjk3NDA3ZTdhZDc1NjBmMzJkNzg5ZjIzZiIsInRhZyI6IiJ9","Kafeteria E, Kolej Matrikulasi Labuan,","Jalan OKK Daud, 87008 WP Labuan","WP Labuan W.P Labuan",,,"Restoran / Kafe","17 Feb Hingga","17 Feb 2023","Jalan Okk Daud, 87000 Labuan, Wilayah Persekutuan Labuan, Malaysia",115.2063296,5.3443335,"GEOMETRIC_CENTER","2023-02-18 16:24:41"
137,"https://menurahmah.kpdn.gov.my/info/menu/eyJpdiI6IlUxcUdNbGNNYjU0TWl2eHRYM0tUT0E9PSIsInZhbHVlIjoiNDhlQUQxN1hHcTRWVmpMeExZaTNxZz09IiwibWFjIjoiZjliMzVmNTE2ZGNmYjk5YTFkMzEyN2NjNDc2NzVhOTllNmM4YTRhNjEwMDY0NDE1MTMyM2FmOTllNjRhNzg1MiIsInRhZyI6IiJ9","Restoran Qistina","No.96, Jalan Persiaran Bunga Raya, Langkawi Mall, 07000 Langkawi, Kedah.","Langkawi Kedah",,,"Restoran / Kafe","17 Feb Hingga","17 Feb 2023","96, Persiaran Bunga Raya, Kuah, 07000 Langkawi, Kedah, Malaysia",99.8434577,6.3263051,"ROOFTOP","2023-02-18 16:24:45"
138,"https://menurahmah.kpdn.gov.my/info/menu/eyJpdiI6IjFUU0hVazd3Sk9zS2JVRW14TnV1Unc9PSIsInZhbHVlIjoiamNHRmFpUDBOVHhJOVRqSm52YWoydz09IiwibWFjIjoiOTA3N2VkMGE0MDc5MTZlMDE0NmUyYzQ0MzA1YmVjNGFmYzkwYjAwNTQ2ODkxYTIwMDY2MGNhNTFiMmFjYzU4NSIsInRhZyI6IiJ9","D Jit Seafood Restaurant","7, Gerai Badan Kebajikan Kampung Kelibang, Jalan Kelibang, 07000 Langkawi, Kedah.","Langkawi Kedah",,,"Restoran / Kafe","17 Feb Hingga","17 Feb 2023","Pusat Bandar Kuah, 07000 Kuah, Kedah, Malaysia",99.8297674,6.3298021,"GEOMETRIC_CENTER","2023-02-18 16:24:31"
139,"https://menurahmah.kpdn.gov.my/info/menu/eyJpdiI6ImNmcjZxVU5aNmtzc2RDUmxLTmVIWUE9PSIsInZhbHVlIjoiUlA2RnF4TU03cWhjQnpKbFBsL1kxZz09IiwibWFjIjoiNjk2YThjNTBiOTlmNjcwYmY2ZWRkZjdjOWI1YjZmMDQ0ZjFjNjhmNDgwMzk4Y2Q2M2RlZGQwZDFkMmIwYTI2ZCIsInRhZyI6IiJ9","Nasi Campur Top B.B.Q","No.108-109, Persiaran Dagangan &amp; Pelancongan Kelana Emas, Jalan Persiaran Mutiara, 07000 Langkawi, Kedah","Langkawi Kedah",,,"Restoran / Kafe","17 Feb Hingga","17 Feb 2023",,,,,"2023-02-18 16:25:16"
140,"https://menurahmah.kpdn.gov.my/info/menu/eyJpdiI6ImJqcVhSZlRUTU1lNGNiUHgvOGZMaVE9PSIsInZhbHVlIjoiblQyajByOGtnbWJHNGVyZlN3QnBpdz09IiwibWFjIjoiNjEyMjFiNDgzOWM5OTY0NzdhN2E5YjIzYWVmNTdjYzZiNTIwMWNiMTQ4ZmNjNWJhZTc4NjAzZTZmZGU3ZGYwNCIsInRhZyI6IiJ9","Mujibur Seafood","No.1 Lot 2010 Kedai Kampung Ulu Melaka, 07000 Langkawi, Kedah.","Langkawi Kedah",,,"Restoran / Kafe","17 Feb Hingga","17 Feb 2023","Kampung Padang Gaong, 07000 Langkawi, Kedah, Malaysia",99.7741443,6.3533567,"GEOMETRIC_CENTER","2023-02-18 16:24:38"
141,"https://menurahmah.kpdn.gov.my/info/menu/eyJpdiI6InNrV3hLWHVjRkFkRVVRUjRyZlFBNmc9PSIsInZhbHVlIjoiR3BaV2lpR0dXcGpTVWFUZ0tnUGZnZz09IiwibWFjIjoiNDM1OTVlOGE4OGIzYWNhYjE0NjE4NTJkMzc5MTBjNTAzZjgxZDI4ZjFlYTY2ODZiNGQzOTA3MDMxYmE0YTMwNCIsInRhZyI6IiJ9","Suria Cafe (Berkat Sudi Enterprise)","No.20, Medan Selera, Sungai Kuah, 07000 Langkawi, Kedah","Langkawi Kedah",,,"Restoran / Kafe","17 Feb Hingga","17 Feb 2023","Kuah, 07000 Kuah, Kedah, Malaysia",99.8530323,6.3210039,"GEOMETRIC_CENTER","2023-02-18 16:24:39"
142,"https://menurahmah.kpdn.gov.my/info/menu/eyJpdiI6Ijk3RFpqbWtIYU9XLzRBL2N6blZuU3c9PSIsInZhbHVlIjoiM3lhQWVCaTNXb1VOL1Z6WEZUcml0UT09IiwibWFjIjoiNzE5MGVkYjc2M2U2MWE4MGUxMTY0ZTRkYTc1MWFkNmU0YjI3YzBkMDY2ZTNkMTgyYWRkY2EwMWIwZDY5ZDllNyIsInRhZyI6IiJ9","Warung Pak Ngah","Kg Kepala Batas, Chepir, 08200 Sik, Kedah","Baling Kedah",,,"Restoran / Kafe","17 Feb Hingga","17 Feb 2023","08200, Kedah, Malaysia",100.3554035,6.2152044,"APPROXIMATE","2023-02-18 16:24:33"
143,"https://menurahmah.kpdn.gov.my/info/menu/eyJpdiI6InhaN1ZjVDVoWUszRHlEU3ovcjFkOGc9PSIsInZhbHVlIjoiSmdQcGppTGdibTBQR2h5TWRxN1cxQT09IiwibWFjIjoiZWIyMzllZGUyZTdhMjY5MDNhNmU4NjZhNDhkOGYxMzE5NmM2NzY5OGQ0ZDY5OTNkYzVjZGFmMzc4MzhhZmZhNSIsInRhZyI6IiJ9","Restoran Ariff","N0 12, Pekan Baru Sik, 08200 Sik, Kedah","Baling Kedah",,,"Restoran / Kafe","17 Feb Hingga","17 Feb 2023","Pekan Sik, 08210 Sik, Kedah, Malaysia",100.7446878,5.8183374,"GEOMETRIC_CENTER","2023-02-18 16:24:41"
144,"https://menurahmah.kpdn.gov.my/info/menu/eyJpdiI6ImVscWUyTXluOVhzaXVFK2RZL3YxOWc9PSIsInZhbHVlIjoiQ2MyQ3owc0pYTkpKMURBV2VIN1JWZz09IiwibWFjIjoiMWRlZjJmYjBkZDc1NzI5Njc1ZGY4NGZiNDA1OTAxYTBkNjEwZGNiMjdlZGQ2NTJiZGM1NDUxYjNkZTAyMDE0OCIsInRhZyI6IiJ9","D’anjung Seri Ikan Bakar","Depan Pejabat Agama Sik, 08200 Sik, Kedah","Baling Kedah",,,"Restoran / Kafe","17 Feb Hingga","17 Feb 2023","Kompleks Pej Agama Daerah Sik, Jalan Tunku Ibrahim, Kedah, Pekan Sik, 08200 Sik, Kedah, Malaysia",100.7410886,5.8163064,"GEOMETRIC_CENTER","2023-02-18 16:24:36"
145,"https://menurahmah.kpdn.gov.my/info/menu/eyJpdiI6Ik5UaER6WGhMK0d4aTRUUW8zYlhBZ3c9PSIsInZhbHVlIjoiOHhUbU5icjBEbjZUNVNoV2MrUnZuQT09IiwibWFjIjoiZWE4MmUzZTZlODhjMzQ1YWJmZDAwMzQzMDU0ODY3N2FiM2EyYTM0OTI2NjcwNWUzMGYxYzFmN2QxYjJlZjA1NyIsInRhZyI6IiJ9","Warung Pak Lang Daud Nah","No 1, Bus Stand, Jalan Badlishah, 09100 Baling, Kedah","Baling Kedah",,,"Restoran / Kafe","17 Feb Hingga","17 Feb 2023","Jalan Badlishah, Baling, 09100 Baling, Kedah, Malaysia",100.9188392,5.676132,"GEOMETRIC_CENTER","2023-02-18 16:24:46"
146,"https://menurahmah.kpdn.gov.my/info/menu/eyJpdiI6ImloY09ia1Z1alpBU2F0Z3FiOVNZRlE9PSIsInZhbHVlIjoiSzU0UUIwT0NkSXhxN3llaWthYXAxQT09IiwibWFjIjoiZGVlNDljZDc1Yzc3MjkzOTZmOGZkYjBhYTQ4ZmYxZTlmY2NhMDI3MWJjZjUzNzVlNjQyY2YxNDI1ODg1M2NiNCIsInRhZyI6IiJ9","Warisan Ad Maju Enterprise","Lot 1578, Bendang Sera, Jln Pengkalan Hulu, 09100 Baling Kedah","Baling Kedah",,,"Restoran / Kafe","17 Feb Hingga","17 Feb 2023","Kampung Bendang Sera, 09100 Baling, Kedah, Malaysia",100.930378,5.673577,"APPROXIMATE","2023-02-18 16:24:39"
147,"https://menurahmah.kpdn.gov.my/info/menu/eyJpdiI6Im5BSmNpOVhDd1hMbDFlQUFGQnBsRWc9PSIsInZhbHVlIjoiUU1TTHNyYWo3MXRrbjZ2aFlEV2o3Zz09IiwibWFjIjoiZDgzNGM1MzI0ZjkxYThlMWVkZTg1ODlmNTZjODIzYjIzOWM5ZjQwNGQzNWZmZjg0YTk3MTZlNDhiMzFiNzJkMSIsInRhZyI6IiJ9","Kak Gie Nasi Kampung, Kopitiam Ukir Mall","Lot 2631, Jalan Sultan Badlishah, 05000 Alor Setar, Kedah","Kota Setar Kedah",,,"Restoran / Kafe","17 Feb Hingga","17 Feb 2023","2631, Jalan Sultan Badlishah, Alor Malai, 05050 Alor Setar, Kedah, Malaysia",100.368866,6.1191883,"RANGE_INTERPOLATED","2023-02-18 16:24:48"
148,"https://menurahmah.kpdn.gov.my/info/menu/eyJpdiI6IkhvM0VjODZuSVhQSGlFdlRicnErUHc9PSIsInZhbHVlIjoiNkFtQnM2Uk0zRFFpNkRQVEp6V3VFdz09IiwibWFjIjoiZmZhYmIxMWM3YmEzMjUwYTU1MzAxOTUwZDI1MWRiMmIzMTA4ZTlmZTU3YTVhMDNmYTAwNmExZmYxZjQ5NTNmNiIsInRhZyI6IiJ9","Warong Tok Kita","Hadapan Klinik Desa Bukit Pinang, 06200 Kepala Batas, Kedah","Kota Setar Kedah",,,"Restoran / Kafe","17 Feb Hingga","17 Feb 2023","No 129, Jalan Bukit Pinang Alor Setar, Kampung Bukit Pinang, Kepala Batas, Kedah, Malaysia",100.4235068,6.1988033,"GEOMETRIC_CENTER","2023-02-18 16:24:32"
149,"https://menurahmah.kpdn.gov.my/info/menu/eyJpdiI6IjVkVGZMZCtUMHJNSGl0RXZsK1QvWXc9PSIsInZhbHVlIjoicTJzU09vTG1uQitubkZDclJwMi9pUT09IiwibWFjIjoiMGVjNTkxMDY0MTQzYjZkMzQzMTNhYWUwY2NkNTZiM2IxNzBkODYyYTY5ZWJmM2EwZmY1MjRhODdiMGNiMWIyNiIsInRhZyI6IiJ9","Kedai Makan Kak Zakiah","Jalan Padang Tembak Bukit Pinang, 06200 Kepala Batas, Kedah","Kota Setar Kedah",,,"Restoran / Kafe","17 Feb Hingga","17 Feb 2023","Kepala Batas, Kedah, Malaysia",100.4335627,6.1920639,"GEOMETRIC_CENTER","2023-02-18 16:24:34"
150,"https://menurahmah.kpdn.gov.my/info/menu/eyJpdiI6IktrdDEzaTVnQ0hNdXlEMzVwb2pESkE9PSIsInZhbHVlIjoieWJ5SGIyL3R6SC9BaUZyeEpzRXBUZz09IiwibWFjIjoiZWI1Y2ZlODAwYjVmYmNhMGQwNmY3NTY2N2MxNzI1MTJkM2ZlMmNkNDYxNTgwNDlkYjQzMDEzMDI1NDEzN2Q2MCIsInRhZyI6IiJ9","Restoran Kak Nab Satay","No 21 Tingkat Bawah,Bandar Baru Tanah Merah,06700 Pendang","Kota Setar Kedah",,,"Restoran / Kafe","17 Feb Hingga","17 Feb 2023","Tanah Merah, 06700 Pendang, Kedah, Malaysia",100.4797868,6.026198,"APPROXIMATE","2023-02-18 16:24:38"
151,"https://menurahmah.kpdn.gov.my/info/menu/eyJpdiI6Ik5ZbmZkRXUzUFlsa041TW9ZUFBRcEE9PSIsInZhbHVlIjoiOVpxWFV2SDUxMEJFalluVVpZcWFUdz09IiwibWFjIjoiOGVlMTJkOWVhNDI1ZTUxMzAzNDdmYzk0YjYyYmMyM2I3ODAwYTYyNmRlYTE4YWQ0YmQ3YjdkM2Y2OTI5Yzk1MCIsInRhZyI6IiJ9","D Taman Pelangi Chicken Chop Cawangan Titi Gajah","Lot : 1137, Km 10, Titi Gajah, 06550 Alor Setar, Kedah","Kota Setar Kedah",,,"Restoran / Kafe","17 Feb Hingga","17 Feb 2023","Titi Gajah, Alor Setar, Kedah, Malaysia",100.3839908,6.192244,"APPROXIMATE","2023-02-18 16:24:33"
152,"https://menurahmah.kpdn.gov.my/info/menu/eyJpdiI6Ild6c0cxZXZrejZxSTBUWTBXNjd2R2c9PSIsInZhbHVlIjoib2ZpRXZQNlNVRWVoWGw3NVRUc25MQT09IiwibWFjIjoiNDc4YTdlOGE2ZDUxMGExYTZlMWU5NWRmMmI3NmZlZmI4YTlmODhiNjExMjZjZGEwMmJiYTg0ODUxMzM3ZmMxMCIsInRhZyI6IiJ9","D’camar Corner","No 38 Jalan Kota Kenari,Taman Kota Kenari 09000 Kulim Kedah","Kulim Kedah",,,"Restoran / Kafe","17 Feb Hingga","17 Feb 2023","38, Jalan Kota Kenari, Kota Kenari, 09000 Kulim, Kedah, Malaysia",100.5691769,5.3731867,"ROOFTOP","2023-02-18 16:24:36"
153,"https://menurahmah.kpdn.gov.my/info/menu/eyJpdiI6IjhJOHVLdHg4RUVKa2pPOXk3YXRFS1E9PSIsInZhbHVlIjoia29wbDRuNHdvV1lsUWk0Ykdva0hwQT09IiwibWFjIjoiOWM2NTgwN2YxOTM3NjQ4MWQ3NzYyNGQxZTQwOGZiM2Y0M2M3MTM5MGMwNDZmN2Y2ZmUyNmI4ODFiZmNiYjlhYiIsInRhZyI6IiJ9","Restoran Monrods","692,Lebuh Bandar 2, Bandar Putra 09000 Kulim Kedah","Kulim Kedah",,,"Restoran / Kafe","17 Feb Hingga","17 Feb 2023","692, Lebuh Bandar 2, Bandar Putra, 09000 Kulim, Kedah, Malaysia",100.542327,5.371555,"ROOFTOP","2023-02-18 16:24:48"
154,"https://menurahmah.kpdn.gov.my/info/menu/eyJpdiI6ImpQRFdsTDVEcXhISUtPZHFkdEFUMGc9PSIsInZhbHVlIjoidUdMMVZDVlZ1UnNIKzVnMXNGZHF3Zz09IiwibWFjIjoiOGViMDBlMGQ5MDY1ZTBhMTNjNmQ1MDQ0YjI5ZjliODFiM2I2M2ZlYjFiNTNhNDIxOWQ2MTI5ODE5YzQ2MmZjNyIsInRhZyI6IiJ9","Restoran Utara Delight","No 77b , Jalan Lagenda 2/1 Taman Lagenda 09400 Padang Serai Kedah","Kulim Kedah",,,"Restoran / Kafe","17 Feb Hingga","17 Feb 2023","Jalan Lagenda 2/4, Taman Lagenda, 09400 Padang Serai, Kedah, Malaysia",100.5463154,5.5013048,"GEOMETRIC_CENTER","2023-02-18 16:24:48"
155,"https://menurahmah.kpdn.gov.my/info/menu/eyJpdiI6IkhRNHlVRHRGemJ6V2tIWDBHU0w5SXc9PSIsInZhbHVlIjoiYXlMaVZBZFJOV3dZOEZnNEtPamNFUT09IiwibWFjIjoiNjA0NjQ2NjlkNzA1ZjYyMDk5ZTY4ZDFjOWJlODVkNDlhYzkzYjcwMDdlZmM5MTZiMTE5YjIzZjJmYWYwOGIyNiIsInRhZyI6IiJ9","Restoran Rosmiza Tomyam","Jalan Kancil 9/1, Taman Sang Kancil, 09600 Lunas Kedah","Kulim Kedah",,,"Restoran / Kafe","17 Feb Hingga","17 Feb 2023","1, Kedah, Malaysia",100.4793312,5.8036567,"GEOMETRIC_CENTER","2023-02-18 16:24:44"
156,"https://menurahmah.kpdn.gov.my/info/menu/eyJpdiI6IlFqYTZuOVo2K3VwWHdQZlRKdjNFNXc9PSIsInZhbHVlIjoicGJ3b0NtK1BCbHV0U2N5eUpTREQvQT09IiwibWFjIjoiNDFhODg4MjdmOTVmMjk4ZjU1Yzc5NmZjNjJlZDI0MjNiZTU4ZTRhNTEyNWNiZWExNGM0NGRlMDNjMzNjOTAwYyIsInRhZyI6IiJ9","Habibah BT Komiza","Gerai No.1 Medan Selera, Taman Ria, 08000 Sg.Petani","Kuala Muda Kedah",,,"Restoran / Kafe","17 Feb Hingga","17 Feb 2023","93, Jln Pergam, Kampung Sungai Tongka, 08000 Sungai Petani, Kedah, Malaysia",100.4940521,5.6386499,"ROOFTOP","2023-02-18 16:24:32"
157,"https://menurahmah.kpdn.gov.my/info/menu/eyJpdiI6IlZmVTZIUHF4VkJRZGJwbkJFaUh6K1E9PSIsInZhbHVlIjoiUjk2UlRLRlN4T3MrZTNrL3VDNjE2UT09IiwibWFjIjoiYmUwY2QzMjI0MmJhMzM3YmVmYTYzOTkzYzViZjU4NGNmMDY2NGY0ZDQ5NWZiNjQ2OTI5ZDMzZWI3OWEwNTRhYSIsInRhZyI6IiJ9","Pak Njang Nasi Tomato","No.9 Jalan Market, Taman Ria, 08000 Sungai Petani","Kuala Muda Kedah",,,"Restoran / Kafe","17 Feb Hingga","17 Feb 2023","9, Jalan Market, Sungai Petani, 08000 Sungai Petani, Kedah, Malaysia",100.4908651,5.6427671,"RANGE_INTERPOLATED","2023-02-18 16:24:40"
158,"https://menurahmah.kpdn.gov.my/info/menu/eyJpdiI6IlVlSnZDTWtpSlhxWDZWL1dkY0N3MWc9PSIsInZhbHVlIjoiamtsTmk3Rk80T2RDS3o0OWZRV1F2dz09IiwibWFjIjoiNzE1MjMyMmM0NDU2ZTE1ZjdmOTYzNWE5YTMyYTRmZTMwNWY2MDMyYjc5NDk1YTEwM2NiYzZkODYzMTQ3Njk4MSIsInRhZyI6IiJ9","Restoran Hussain Nasi Kandar","Pekan Baru Sungai Petani dan Alor Setar","Kuala Muda Kedah",,,"Restoran / Kafe","17 Feb Hingga","17 Feb 2023","Alor Setar, Kedah, Malaysia",100.3671695,6.1263074,"APPROXIMATE","2023-02-18 16:24:44"
159,"https://menurahmah.kpdn.gov.my/info/menu/eyJpdiI6IkN6WHEvWVVFeDBVcm5TdldPYjNTUXc9PSIsInZhbHVlIjoiMjRST3piRkxnbUNGZGdIck12Rmdjdz09IiwibWFjIjoiYTA0NjVmYTBhOTQ4MzMzYjViMmNlNzE0ZGJlN2JlYTk1ZTg2MWU3YzcyZWNkMjk4Njg0ZWNkNDA0MzljOWNhNiIsInRhZyI6IiJ9","Zz Pieja Enterprise","Berhadapan Markas 6 Briged Infantri Jalan Sungai Layar","Kuala Muda Kedah",,,"Restoran / Kafe","17 Feb Hingga","17 Feb 2023","Jalan Sungai Layar, Kampung Gon, 08000 Sungai Petani, Kedah, Malaysia",100.482046,5.6502909,"GEOMETRIC_CENTER","2023-02-18 16:24:44"
160,"https://menurahmah.kpdn.gov.my/info/menu/eyJpdiI6IjJYSWVxR1FuNEZCN0JFeXpucU9rOEE9PSIsInZhbHVlIjoiT3dmY1BqdFhkN01MRmtOTjlFRm5IUT09IiwibWFjIjoiYWViNDViNTY0NzlmOTZkN2ZmZWEwZDU2NzgxNjk5ZjFkNjkxZWUyNzUxMjEwYTQ0NDk5MzY2MWY5ZGI3NDA3MSIsInRhZyI6IiJ9","Nasi Campur Mak Yam","Pusat Makanan Ria Market Taman Ria","Kuala Muda Kedah",,,"Restoran / Kafe","17 Feb Hingga","17 Feb 2023","Jalan Ria, Taman Ria, 08000 Sungai Petani, Kedah, Malaysia",100.5068067,5.662549,"GEOMETRIC_CENTER","2023-02-18 16:24:35"
161,"https://menurahmah.kpdn.gov.my/info/menu/eyJpdiI6InRaQ1dXL2VuVCtSU0VjV1V6Ykoxd1E9PSIsInZhbHVlIjoiMWFPRzNWRU1WMkxBTWFYTDQ5WjYrdz09IiwibWFjIjoiNDNiZjYzMDAwODhmNWE3YWI3ZGEyZWQ0NTIxZWYzMDc2ZDI3Mjc3OTU2YWQ4MTUyMTIwMzkzNTljOTgxOWNkYSIsInRhZyI6IiJ9","Kedai Makan Kampung Ismail &amp; Shahrom","No.165M Kedai Makan Kampung Ismail &amp; Shahrom Kg.Bakar Bata Sg.Pasir, Sungai Petani","Kuala Muda Kedah",,,"Restoran / Kafe","17 Feb Hingga","17 Feb 2023","Kampung Ismail, 70400 Seremban, Negeri Sembilan, Malaysia",101.964407,2.727809,"APPROXIMATE","2023-02-18 16:24:34"
162,"https://menurahmah.kpdn.gov.my/info/menu/eyJpdiI6Ill0MDF0RDNBc0h3K0tPWGsvbmZUV1E9PSIsInZhbHVlIjoicUpXdHpCYU96Ym9zYXBYZXYvREpidz09IiwibWFjIjoiMDU5NjM3ZGQ2ZjdlMGZmMzc2ODlkMmQ2MjFhYjUxMTdjNzU5ZDI3ZmYwMTg4NDc3NmY3MjYxODI1NDEwYTcxYyIsInRhZyI6IiJ9","Warong Tok Abah","No.1 Medan Selera MPSP Bakar Arang Sungai Petani","Kuala Muda Kedah",,,"Restoran / Kafe","17 Feb Hingga","17 Feb 2023","Jalan Dewa, Sungai Petani, 08000 Sungai Petani, Kedah, Malaysia",100.4880193,5.6415745,"GEOMETRIC_CENTER","2023-02-18 16:24:43"
163,"https://menurahmah.kpdn.gov.my/info/menu/eyJpdiI6IkZNc01RMGFoUHh3MnFWZ21BcVAydnc9PSIsInZhbHVlIjoiZDYrd3JXYXBLVEU2SmRuQlcvNlZDUT09IiwibWFjIjoiZDgxNmM1MGZmNTFhMTliNTExNzg4ZWMxZTgwZDRkYWZmNTZkYTU1MjllOWUwYjFjMjQ1NjdkZmZiMTU3NTZjOCIsInRhZyI6IiJ9","Nasi Ganja SP","No.23 Medan Selera Taman Ria Sungai Petani","Kuala Muda Kedah",,,"Restoran / Kafe","17 Feb Hingga","17 Feb 2023","Taman Ria, 08000 Sungai Petani, Kedah, Malaysia",100.507565,5.6629952,"GEOMETRIC_CENTER","2023-02-18 16:24:46"
164,"https://menurahmah.kpdn.gov.my/info/menu/eyJpdiI6ImJxNitjR2RMUTFkblB3ZDQvTmlRbnc9PSIsInZhbHVlIjoidW8wNXVWVFp4QWpHYVVtZGZscHpnUT09IiwibWFjIjoiMTFhNGE4MzJkMTRmMDMwZjIzZmFmNzUxNmFkMDlkYTA0NWI1YmM5ZTY3ZTI1ZTExN2U0ZTc5YmM4Y2M3ZmNiNCIsInRhZyI6IiJ9","Rosceri Restoran","No.1 Lorong Sungai Tukang 1/1, Taman Perusahaan Sungai Tukang, 08000 Sungai Petani Kedah","Kuala Muda Kedah",,,"Restoran / Kafe","17 Feb Hingga","17 Feb 2023","Lorong Sungai Tukang, 08000 Sungai Petani, Kedah, Malaysia",100.4994839,5.6712336,"GEOMETRIC_CENTER","2023-02-18 16:24:42"
165,"https://menurahmah.kpdn.gov.my/info/menu/eyJpdiI6IlQrRGpYQVNSK3RsVXZoY3RrdEdKNHc9PSIsInZhbHVlIjoidjUrSVE2ZWxmSnlwcVkzNWhiYkJyUT09IiwibWFjIjoiZTcyZjI5YjI2ZWFhMDJkZjYyYjQzNDViN2M1MjczZTQ5N2Y4MTk4NWQyYzQwMjdhNDY3NGI2ZmU5NGRiZWFlYiIsInRhZyI6IiJ9","Kak Ros Nasi Kerabu Biru &amp; Nasi Dagang","No.44 Jalan Bagan Assam Tanjung Dawai 08110 Bedong Kedah","Kuala Muda Kedah",,,"Restoran / Kafe","17 Feb Hingga","17 Feb 2023","Tanjung Dawai, 08400 Merbok, Kedah, Malaysia",100.3672091,5.681869,"APPROXIMATE","2023-02-18 16:24:47"
166,"https://menurahmah.kpdn.gov.my/info/menu/eyJpdiI6IjUxZFJPS1FnRHUyWkhWcWJUcVN3V0E9PSIsInZhbHVlIjoiTXJndXY4SG51R1lwMUJ3VGs4NmpXZz09IiwibWFjIjoiZmViMzg5OTNmMzYwYjBiZWE5YWZkMmQ2NWM5M2E1ZWRlYzFkY2I5MzJmYjBiOWY4MGE5MzQ5MTU0OTA4ZWVjNCIsInRhZyI6IiJ9","Mak Njang Ikan Bakar Warisan","No.53 Batu 15/12 Jalan Tanjung Dawai 08110 Bedong Kedah","Kuala Muda Kedah",,,"Restoran / Kafe","17 Feb Hingga","17 Feb 2023","No 52, Hadapan Menara Telekom Batu 15, 1/2, Jalan Kampung Tanjung Dawai, Tanjung Dawai, 08110 Bedobg, Kedah, Malaysia",100.3602288,5.684818,"ROOFTOP","2023-02-18 16:24:40"
167,"https://menurahmah.kpdn.gov.my/info/menu/eyJpdiI6IjJRRjY4b0tsbVJvWXVHWksvclV6Vnc9PSIsInZhbHVlIjoiczdiUDVkUDQ3WllZQzB5MGhiRlRpZz09IiwibWFjIjoiNTEzMWZmMTc2MzA4ZmVkNTE0N2NjODBkYjAxYWY1YzY0MjQ3ZDY0NGRjM2Y3NDBjZmQ3MzdlZDJiYjgxNzE3OCIsInRhZyI6IiJ9","Kedai Kak Chom","No.10 Arked MPSP Tjg Dawai 08110 Bedong Kedah","Kuala Muda Kedah",,,"Restoran / Kafe","17 Feb Hingga","17 Feb 2023","135, K161, Tanjung Dawai, 08400 Merbok, Kedah, Malaysia",100.3659739,5.6796994,"GEOMETRIC_CENTER","2023-02-18 16:24:36"
168,"https://menurahmah.kpdn.gov.my/info/menu/eyJpdiI6Ijd3NFVwRDB4WVM2akJVQVowbXpRaWc9PSIsInZhbHVlIjoiK25TcTAyZUtxaXFBTCt2WGxPaURXQT09IiwibWFjIjoiZGMzOWE3ZTVmNTg1MjViMjU4MzQ3OTcwMGYyMWEzN2NjOGUwMTVlMTk4NzkyOGMyOTdjMjZlZDMzYzI0YWRlMSIsInRhZyI6IiJ9","Nizam Merbok Coner","No.8 Gerai Pekan Merbok 08400 Merbok Kedah","Kuala Muda Kedah",,,"Restoran / Kafe","17 Feb Hingga","17 Feb 2023","Kampung Merbok, 08400 Merbok, Kedah, Malaysia",100.408752,5.72255,"GEOMETRIC_CENTER","2023-02-18 16:24:41"
169,"https://menurahmah.kpdn.gov.my/info/menu/eyJpdiI6ImhiT1RDVEwzRmh1M3MvUE1qc2kwaHc9PSIsInZhbHVlIjoiQU4xRXhvdU1Xa2pJWitzWDU3R0ZXQT09IiwibWFjIjoiYjg2MmFkMjAyMmE1ZDAwNzcyNDRlYzA0NzZhODhlNDdjMzQyZDI4ZjJiMzQwNTU0M2U2ZWIzMmMzMjFlZDBjZCIsInRhZyI6IiJ9","Warong Nasi Ayam Penyet Sarjan","Bawah Pkok Tepi Jalan Berhadapan Taman Sri Tanjung Atas, Berdekatan Kem Sg. Layar","Kuala Muda Kedah",,,"Restoran / Kafe","17 Feb Hingga","17 Feb 2023","Jalan Sungai Layar, Taman Sri Tanjung, 08000 Sungai Petani, Kedah, Malaysia",100.4815402,5.6591617,"GEOMETRIC_CENTER","2023-02-18 16:24:36"
170,"https://menurahmah.kpdn.gov.my/info/menu/eyJpdiI6IjcraHpla3NERHVIaTkvS2hwR0xHREE9PSIsInZhbHVlIjoiN0pTOWhoSCs1R2Y5WTk5NHNzNTdlUT09IiwibWFjIjoiZDc3NTc5MDkzNjUyZjMyZmJjYTI3YTdiNjZkZjI4ODNjYTMzOGE5YWU5OTdjMTBhMmRjNmJlOWZhMTg2ZTQ0YiIsInRhZyI6IiJ9","Kak Jah &amp; Bang Add Pokok Ceri","Bandar Darulaman Jitra Kedah","Kubang Pasu Kedah",,,"Restoran / Kafe","17 Feb Hingga","17 Feb 2023","Bandar Darulaman, 06000 Jitra, Kedah, Malaysia",100.4296421,6.236955,"APPROXIMATE","2023-02-18 16:25:16"
171,"https://menurahmah.kpdn.gov.my/info/menu/eyJpdiI6IkZZd2pBR1BBdXd6SXc2bngxK0x6eXc9PSIsInZhbHVlIjoidGs2eC9ReTJxaUxQTjFBSldpUG92Zz09IiwibWFjIjoiNmZiYTg2NmU0YTIxMDMzOWI1YzExNDdlODM1NDIyMDc4MDA2MjBlMDlhY2RhY2E4MjRjZjc4NTQ2M2ZiMTVjZCIsInRhZyI6IiJ9","Restoran Nasi Kandar Yasmeen","Tanah Merah (Bandar Darulaman) Jitra, Kedah","Kubang Pasu Kedah",,,"Restoran / Kafe","17 Feb Hingga","17 Feb 2023","Bandar Darulaman, 06000 Jitra, Kedah, Malaysia",100.4242948,6.2360748,"GEOMETRIC_CENTER","2023-02-18 16:24:47"
172,"https://menurahmah.kpdn.gov.my/info/menu/eyJpdiI6IkVlNnY0Z2pncFlyeVZoVHJhdjdEMGc9PSIsInZhbHVlIjoib2wveHdwVUtFdWdQWnJIYW9UZDVrZz09IiwibWFjIjoiNTBkMTFhMWQ1NjRlZGMzZmFhMGYzYTJlMzgzZjEzNThlZjVkMGUxZGEwZmZhOTE4NWJmNjk3NDJjNTNjYTZlMyIsInRhZyI6IiJ9","Restoran Nasi Kandar Yasmeen","99, Pekan Changlun 2, Lebuhraya Bukit Kayu Hitam","Kubang Pasu Kedah",,,"Restoran / Kafe","17 Feb Hingga","17 Feb 2023","Changlun - Kuala Perlis Hwy, Taman Kempas, 06010 Changlun, Kedah, Malaysia",100.4307808,6.4359626,"GEOMETRIC_CENTER","2023-02-18 16:24:43"
173,"https://menurahmah.kpdn.gov.my/info/menu/eyJpdiI6IjNMT3FBTU9tNnhOQ1NrSTFuUlUrZkE9PSIsInZhbHVlIjoiSHNsWFJuclZJVWtBbnQxRjBtTW9rQT09IiwibWFjIjoiYTEyYTMyZDIyMDE1OTFmMWUzNzU3OTlmNWQ4NzYwMjMzMDMxNWM1ZGIyYzBjYTJlZWI1YTViNzQyNjAzNGE2YyIsInRhZyI6IiJ9","Tini Nasi Kukus","Kampung Lubok Ayer, 06150 Ayer Hitam, Kedah","Kubang Pasu Kedah",,,"Restoran / Kafe","17 Feb Hingga","17 Feb 2023","Kampung Lubok Ayer, 06150 Ayer Hitam, Kedah, Malaysia",100.24681,6.240871,"APPROXIMATE","2023-02-18 16:24:34"
174,"https://menurahmah.kpdn.gov.my/info/menu/eyJpdiI6Ikw4SEJkS1crVDhOd2d3LzZiTFRXSHc9PSIsInZhbHVlIjoidWUwVmxLcXI5UFlZYU1jc0hjVmgxZz09IiwibWFjIjoiMjBiNGQzMzhhOTI1OTA5MTc2MDg5MWY3MTczYzg5ZThmZDA3MzRhZjExMWY1OGQzOTg4OGM2Y2I0YTQ4ODI2MCIsInRhZyI6IiJ9","Tini Nasi Kukus Kerpan","Kampung Simpang Empat Kerpan, Ayer Hitam, Kedah","Kubang Pasu Kedah",,,"Restoran / Kafe","17 Feb Hingga","17 Feb 2023","Kampung Simpang Empat Kerpan, 06150 Ayer Hitam, Kedah, Malaysia",100.228874,6.254433,"APPROXIMATE","2023-02-18 16:24:47"
175,"https://menurahmah.kpdn.gov.my/info/menu/eyJpdiI6IlkzSThaSk8zTG81ZU9lWVViRzkxTlE9PSIsInZhbHVlIjoidUlMeUVxWUsyM0xFYWU0OWhKS0ZoQT09IiwibWFjIjoiY2MyYmQxMzQxYWQwMTlmMGU2OGI4YmM1NGIwOTUwYTg5OTZkMWEzOGJhOGViN2I3OTY5NWU5ZmU5MjcyY2Y4MiIsInRhZyI6IiJ9","Gerai Tenggelam Timbul","Bandar Darulaman Jitra Kedah","Kubang Pasu Kedah",,,"Restoran / Kafe","17 Feb Hingga","17 Feb 2023","Bandar Darulaman, 06000 Jitra, Kedah, Malaysia",100.4296421,6.236955,"APPROXIMATE","2023-02-18 16:25:16"
176,"https://menurahmah.kpdn.gov.my/info/menu/eyJpdiI6Im5KbzFCV1JzT3lFcldBSmJ5STZvQUE9PSIsInZhbHVlIjoicFBkUyt1NFBqM1ZTZ09lRW1jK2JPdz09IiwibWFjIjoiZWU2MjE0Zjg2NTdmYTZiMzkwY2U1OTVhMzJiZGE0MWMyYTc2YTcyOTMzZTY4OGMxMTljNjI5OGI5MjI3MmRjYSIsInRhZyI6IiJ9","Azila Café","No. 7, Taman Seri Kodiang, (Bersebelahan Kolej Komuniti Jerlun), Jalan Kodiang - Jitra, 06100 Kodiang, Kedah","Kubang Pasu Kedah",,,"Restoran / Kafe","17 Feb Hingga","17 Feb 2023","No. 1, Taman Sri Kodiang, Jalan, Kodiang, 06100 Kodiang, Kedah, Malaysia",100.3106557,6.3902014,"GEOMETRIC_CENTER","2023-02-18 16:24:37"
177,"https://menurahmah.kpdn.gov.my/info/menu/eyJpdiI6IjRpRm5KYnI1cUVHRkZ5Tjl5ZUlYRnc9PSIsInZhbHVlIjoiNlBFdUFMQThSVEtxaWNIaktLakpGdz09IiwibWFjIjoiMjEwNDgyZGRmZjFjMzc2M2E5MmYyNDM2ZmJhZDQ2MTc5ODhlZDFjMzQ0NjZiZTUwNDcwZTQxNDhmNzJkYmI0NSIsInRhZyI6IiJ9","Restoran Buhari&#039;s","No E1, Kompleks Pekan Baru Baling, 09100 Baling Kedah","Baling Kedah",,,"Restoran / Kafe","17 Feb Hingga","17 Feb 2023","MW89+5J, Kampung Pokok Sena, 09100 Baling, Kedah, Malaysia",100.9190625,5.6654375,"GEOMETRIC_CENTER","2023-02-18 16:24:38"
178,"https://menurahmah.kpdn.gov.my/info/menu/eyJpdiI6Ino0Nkd0c083VlcxZFFIQkkvbGhQSFE9PSIsInZhbHVlIjoibmg2YWRSWkhBQXFzSDNqRjlvenRWQT09IiwibWFjIjoiNTc4YTJjMDE1YzQ0ZjIwN2ZhMjkxZDNkZjM0YTEwYTJkZjU4ZDE0MzU3NjU0NzU0MzUzNDAyZjZjOTYxZjYyZiIsInRhZyI6IiJ9","Dapoq ACM Bistro","No. 17 Kampung Kolam Mk Pering, 06100 Kodiang, Kedah","Kubang Pasu Kedah",,,"Restoran / Kafe","17 Feb Hingga","17 Feb 2023","06100, Kedah, Malaysia",100.3385624,6.3779484,"APPROXIMATE","2023-02-18 16:24:37"
179,"https://menurahmah.kpdn.gov.my/info/menu/eyJpdiI6IkxTaGtCTVFUQmVtNy9lSDR1SnZIMmc9PSIsInZhbHVlIjoiLzkvdVJzQVZheXZnYkdORk41VHNDdz09IiwibWFjIjoiOTcyODRmOGVkYjgwYzQzOGFhZjVlZGY0NDg0NDYwZTg5ZTY4YjQxNWZjYjgzOTI4NzUyM2RjNDAyZmFiOTcxZSIsInRhZyI6IiJ9","Mohamad Abidin Omar","No. 4 Arked Semarak, 06100 Kodiang","Kubang Pasu Kedah",,,"Restoran / Kafe","17 Feb Hingga","17 Feb 2023","Kampung Tokong, 06100 Kodiang, Kedah, Malaysia",100.3047004,6.3939699,"GEOMETRIC_CENTER","2023-02-18 16:24:42"
180,"https://menurahmah.kpdn.gov.my/info/menu/eyJpdiI6ImI0ZGcxejFoYjdLaDNTZzhkbm1DbHc9PSIsInZhbHVlIjoibkdQclVRVU5yMFVPMFFqbXhIeXpyUT09IiwibWFjIjoiN2RiMzA2MjlmOTUzNmRiZmI4MmIyY2EzMWU4N2VmNTVjMTQxYTU4MjMwNjFkMjk5OGY1Mjc1NTkxMmI5Y2UxZiIsInRhZyI6IiJ9","Restoran Niza","No 4 Susuran Kodiang Indah.Taman Kodiang Indah, 06100 Kodiang","Kubang Pasu Kedah",,,"Restoran / Kafe","17 Feb Hingga","17 Feb 2023","No.2, Taman Kodiang Indah, 06100 Kodiang, Kedah, Malaysia",100.3018106,6.3942831,"GEOMETRIC_CENTER","2023-02-18 16:24:41"
181,"https://menurahmah.kpdn.gov.my/info/menu/eyJpdiI6Ikd1TnBseVVVR3R1OXVjWHlCTnE0RVE9PSIsInZhbHVlIjoidFlZZG81cnA1QWdSMEhVOGp5Q1pHdz09IiwibWFjIjoiNzlmOGI4ZmQ2MTE5NTQwZDJkYzE5MWQ3OWViNThjYzRjMTliNzRjMTMxMDliNWY1OTFiYmFmOGJmM2E5YTJhMyIsInRhZyI6IiJ9","Warung Adik Abang Kodiang","Mukim Keplu, Jalan Kodiang - Changlun, 06100 Kodiang","Kubang Pasu Kedah",,,"Restoran / Kafe","17 Feb Hingga","17 Feb 2023","Jln Kodiang, 06100, Kedah, Malaysia",100.3312951,6.3643035,"GEOMETRIC_CENTER","2023-02-18 16:24:46"
182,"https://menurahmah.kpdn.gov.my/info/menu/eyJpdiI6IkxwTDVkSnQxOEFod2JMQmljRURLRVE9PSIsInZhbHVlIjoidVBjZjdqNk92S0ovRmw0Z0liZ29zZz09IiwibWFjIjoiZTNmNDNiMWYyNWU4NmI3ODg1NTAwYjlmNjYwMWY3MzgyOGM1NWVjM2VlN2RiYzVkZjZjOWQzZDFjNjE4NTI5NSIsInRhZyI6IiJ9","Kitchen Republik","Taman Kodiang Indah (berhampiran MR.DIY Kodiang) 06100 Kodiang","Kubang Pasu Kedah",,,"Restoran / Kafe","17 Feb Hingga","17 Feb 2023","No.2, Taman Kodiang Indah, 06100 Kodiang, Kedah, Malaysia",100.3018106,6.3942831,"GEOMETRIC_CENTER","2023-02-18 16:24:45"
183,"https://menurahmah.kpdn.gov.my/info/menu/eyJpdiI6IlJQZzRBb2pWb0FtRlJUUjBHNEV4NGc9PSIsInZhbHVlIjoiaXB4MHRwRXpXRnAxM0lqaGQ0dkczUT09IiwibWFjIjoiZjZiMDAwNzY3NjBhZjgzMWUxODg2ZGM1ZmFhMDI4ZWQwODk2ZmQyYzI0YWRhNDEyMjk3OTViN2Y5ZDVkNjdlNSIsInRhZyI6IiJ9","Malindo Indian food","NO 1, Kelang Lama Food Corner , Kelang Lama Kulim, Kedah","Kulim Kedah",,,"Restoran / Kafe","17 Feb Hingga","17 Feb 2023","1, Jalan Kelang Lama, Taman Manggis, 09000 Kulim, Kedah, Malaysia",100.5631589,5.3900461,"ROOFTOP","2023-02-18 16:24:43"
184,"https://menurahmah.kpdn.gov.my/info/menu/eyJpdiI6IjAyTFQwWElkZWNTUWpvQXJFREhmMkE9PSIsInZhbHVlIjoiY2VFMGNEd3JOK3JGeU1MK2hVQkVrdz09IiwibWFjIjoiNWQ2MTYwOGY1YjczZTIwNTgxODlkYTIxMmU0MWM3NTRlZTFiZDE4OGZkNDA2M2I4MDhlM2RhYmRjYWMwMzY4MiIsInRhZyI6IiJ9","Warung Nasi Kak Nik","No 2,Jalan Waja Indah 1,Taman Waja Indah,09000 Kulim Kedah","Kulim Kedah",,,"Restoran / Kafe","17 Feb Hingga","17 Feb 2023","Jalan Waja Indah 1, 09000 Kulim, Kedah, Malaysia",100.5675704,5.4194292,"GEOMETRIC_CENTER","2023-02-18 16:24:38"
185,"https://menurahmah.kpdn.gov.my/info/menu/eyJpdiI6IlhISTNPV2pJUGZrOFlONkd3S0ZTdXc9PSIsInZhbHVlIjoibHJOL29qcjdhcVlPNFViYmRVOXREQT09IiwibWFjIjoiMzc1YzgyODNkNDUwYThjNDM3NDAxMjk5ZDZjMjgzMmZmZTBmNjQ1ZGMwYWFkOGMyMWQxNTRmNDMxNTU0NzllYSIsInRhZyI6IiJ9","Restoran Rendang Maman Acu","No 3,Pusat Komersial Taman Kasturi,Taman Kasturi","Tampin Negeri Sembilan",,,"Restoran / Kafe","17 Feb Hingga","17 Feb 2023","Taman Kasturi, 70100 Seremban, Negeri Sembilan, Malaysia",101.939098,2.69088,"APPROXIMATE","2023-02-18 16:24:35"
186,"https://menurahmah.kpdn.gov.my/info/menu/eyJpdiI6IjJCcE9jSnZ2akNpMVZxVmE1WFFtYXc9PSIsInZhbHVlIjoielcwM3NLMTZLNlZzVUlYMmpDcE5HQT09IiwibWFjIjoiN2EyODAxNDYwNmU1ODEwYmJjY2JkZWQzYWJiMjc5MmE4OTdkYWJmZDg1ZGNlNzE3NTE5MGVjYmM1MmM0NWVjNiIsInRhZyI6IiJ9","Gjoe mee celup","39G jalan musytari am u5/am, Seksyen u5,bandar pinggiran subang","Petaling Selangor",,,"Restoran / Kafe","17 Feb Hingga","17 Feb 2023","39, Jalan Musytari Am U5/Am, Seksyen U5, 40150 Shah Alam, Selangor, Malaysia",101.5346097,3.172403,"ROOFTOP","2023-02-18 16:24:42"
187,"https://menurahmah.kpdn.gov.my/info/menu/eyJpdiI6ImJIaG53TW1ldWMrckVFMlB4Mndldnc9PSIsInZhbHVlIjoiUDFSaVp5ZnZEdTdndjUybXhxczliUT09IiwibWFjIjoiZGI1NGIwMDI1NjFlNzU1ZmU2MzM3Y2RmZjA3ZjA5NzQ5ZjM3NGMzNWVlOTFhODU2MWU5NmQ1YWZhYzU3YjkyMiIsInRhZyI6IiJ9","FATIMAH food n drink","kiosk pskk uitm sri iskandar cawangan perak","Perak Tengah Perak",,,"Medan Selera / Gerai","18 Feb Hingga","18 Feb 2023","No 1A, Jln PP 6, Bandar Universiti, 32610 Seri Iskandar, Perak, Malaysia",100.9795281,4.364383,"ROOFTOP","2023-02-18 16:24:48"
